Workbook
Name A458DC1025: DESCUENTOS!$B$220:$D$246
Name ARRCART4: carteras!$AQ$505:$AS$606
Name ARRIOALIM: ARRIOLA!$CV$312:$DK$455
Name ARRIOFC: ARRIOLA!$CV$165:$DK$309
Name ARRIOLA24: '2024'!$A$761:$N$902
Name ARRIOLACARTERA: carteras!$AQ$1:$AS$140
Name ARRIOLCART2: carteras!$AQ$172:$AS$304
Name ARRIOLFIN: ARRIOLA!$A$2:$M$149
Name BAS_UC: BASILE!$CO$154:$CP$283
Name BASALIM: BASILE!$CT$330:$DI$470
Name BASCART3: carteras!$G$338:$I$495
Name BASCART4: carteras!$G$505:$I$668
Name BASFC: BASILE!$CT$181:$DI$325
Name BASILECART2: carteras!$G$172:$J$324
Name BASILECARTERA: carteras!$G$1:$I$148
Name Basilee24: '2024'!$A$2:$N$133
Name bassfin: BASILE!$A$2:$M$165
Name BUEALIM: BUELA!$CV$319:$DK$462
Name BUECART4: carteras!$A$505:$C$641
Name BUEFC: BUELA!$CV$172:$DK$316
Name BUELA: '2024'!$A$503:$N$624
Name BUELACART2: carteras!$A$172:$C$314
Name BUELACARTERA: carteras!$A$1:$C$130
Name buelafin: BUELA!$A$2:$M$136
Name CALO24: '2024'!$A$138:$N$241
Name CALOALIM: CALO!$CU$303:$DJ$446
Name calocart2: carteras!$R$173:$U$281
Name CALOCART4: carteras!$R$506:$T$610
Name CALOCARTERA: carteras!$R$2:$T$117
Name CALOFC: CALO!$CU$156:$DJ$300
Name calofin: CALO!$A$2:$I$113
Name CART.ARR.3: carteras!$AQ$337:$AT$463
Name CART.BAS.3: carteras!$G$337:$J$503
Name CART.BUE.3: carteras!$A$337:$D$478
Name CART.CAL.3: carteras!$R$337:$U$442
Name CART.LAG.3: carteras!$M$338:$P$514
Name CART.LAV.3: carteras!$AW$337:$AY$456
Name CART.MAR.3: carteras!$AL$338:$AN$466
Name CART.MON.3: carteras!$AG$338:$AJ$471
Name cart.ret.3: carteras!$W$337:$Z$452
Name CART.VAR.3: carteras!$AB$338:$AE$453
Name CARTEROTEPECH: 'Hoja 23'!$C$81:$D$197
Name CARTLES1: carteras!$BL$506:$BN$596
Name DES: DESCUENTOS!$B$76:$E$116
Name LAGALIM: LAGE!$CZ$340:$DO$483
Name LAGE24: '2024'!$A$355:$N$499
Name LAGECART2: carteras!$M$172:$P$344
Name LAGECART4: carteras!$M$505:$P$664
Name LAGECARTERA: carteras!$M$1:$O$193
Name LAGEFC: LAGE!$CZ$196:$DO$337
Name LAGEFIN: LAGE!$A$2:$M$180
Name lavcart4: carteras!$AW$506:$AY$633
Name LAVEFC: LAVENIA!$CU$187:$DJ$331
Name LAVENIACART2: carteras!$AW$173:$AY$297
Name LAVENIACARTERA: carteras!$AW$1:$AY$124
Name LAVENIAFIN: LAVENIA!$A$2:$M$202
Name MAICART1: carteras!$BG$506:$BI$606
Name MARCART4: carteras!$AL$506:$AO$572
Name MARUCA24: '2024'!$A$907:$N$1031
Name MARUCAALIM: MARUCA!$CV$354:$DK$496

Sheet 2025
B4: EJECUTIVO | C4: % DESCUENTO FARMACIA | I4: TOTAL CLIENTES
C5: 20/18 | D5: 0.15 | E5: 0.12 | F5: 0.1 | G5: 0.05 | H5: SIN
B6: JUAN PABLO BASILE | C6: =BASILE!CJ2 -> 0 | D6: =BASILE!CJ3 -> 11 | E6: =BASILE!CJ4 -> 0 | F6: =BASILE!CJ5 -> 24 | G6: =BASILE!CJ6 -> 0 | H6: =BASILE!CJ7 -> 114 | I6: =SUM(C6:H6) -> 149
B7: MARIO CALO | C7: =CALO!CB2 -> 0 | D7: =CALO!CB3 -> 9 | E7: =CALO!CB4 -> 0 | F7: =CALO!CB5 -> 18 | G7: =CALO!CB6 -> 8 | H7: =CALO!CB7 -> 63 | I7: =SUM(C7:H7) -> 98
B8: MATIAS RETAMAR | C8: =RETAMAR!CC2 -> 0 | D8: =RETAMAR!CC3 -> 8 | E8: =RETAMAR!CC4 -> 2 | F8: =RETAMAR!CC5 -> 45 | G8: =RETAMAR!CC6 -> 7 | H8: =RETAMAR!CC7 -> 33 | I8: =SUM(C8:H8) -> 95
B9: LAGE FEDERICO | C9: =LAGE!CJ2 -> 0 | D9: =LAGE!CJ3 -> 10 | E9: =LAGE!CJ4 -> 0 | F9: =LAGE!CJ5 -> 31 | G9: =LAGE!CJ6 -> 1 | H9: =LAGE!CJ7 -> 117 | I9: =SUM(C9:H9) -> 159
B10: BUELA EZEQUIEL | C10: =BUELA!CF2 -> 1 | D10: =BUELA!CF3 -> 9 | E10: =BUELA!CF4 -> 5 | F10: =BUELA!CF5 -> 16 | G10: =BUELA!CF6 -> 1 | H10: =BUELA!CF7 -> 96 | I10: =SUM(C10:H10) -> 128
B11: VARGAS JORGE | D11: =VARGAS!CG3 -> 6 | E11: =VARGAS!CG4 -> 0 | F11: =VARGAS!CG5 -> 31 | G11: =VARGAS!CG6 -> 0 | H11: =VARGAS!CG7 -> 26 | I11: =SUM(C11:H11) -> 63
B12: ROLANDO ARRIOLA | D12: =ARRIOLA!CF3 -> 7 | E12: =ARRIOLA!CF4 -> 0 | F12: =ARRIOLA!CF5 -> 31 | G12: =ARRIOLA!CF6 -> 0 | H12: =ARRIOLA!CF7 -> 58 | I12: =SUM(C12:H12) -> 96
B13: MONTENEGRO MATIAS | D13: =MONTENEGRO!CB3 -> 10 | E13: =MONTENEGRO!CB4 -> 1 | F13: =MONTENEGRO!CB5 -> 56 | G13: =MONTENEGRO!CB6 -> 0 | H13: =MONTENEGRO!CB7 -> 55 | I13: =SUM(C13:H13) -> 122
B14: MARUCA EZEQUIEL | D14: =MARUCA!CF3 -> 4 | E14: =MARUCA!CF4 -> 0 | F14: =MARUCA!CF5 -> 20 | G14: =MARUCA!CF6 -> 3 | H14: =MARUCA!CF7 -> 30 | I14: =SUM(C14:H14) -> 57
B15: MARIANA /AYELEN | D15: =PEREZ!AN3 -> 0 | E15: =PEREZ!AN4 -> 0 | F15: =PEREZ!AN5 -> 0 | G15: =PEREZ!AN6 -> 0 | H15: 32 | I15: =SUM(C15:H15) -> 32
B16: ROTELA LEANDRO | D16: =ROTELA!AV3 -> 0 | E16: =ROTELA!AV4 -> 0 | F16: =ROTELA!AV5 -> 0 | G16: =ROTELA!AV6 -> 0 | H16: =ROTELA!AV7 -> 0 | I16: =SUM(C16:H16) -> 0
B17: LAVENIA VANESA | D17: =LAVENIA!CF3 -> 10 | E17: =LAVENIA!CF4 -> 1 | F17: =LAVENIA!CF5 -> 65 | G17: =LAVENIA!CF6 -> 3 | H17: =LAVENIA!CF7 -> 36 | I17: =SUM(C17:H17) -> 115
B18: TOTAL: | C18: =SUM(C6:C17) -> 1 | D18: =SUM(D6:D17) -> 84 | E18: =SUM(E6:E17) -> 9 | F18: =SUM(F6:F17) -> 337 | G18: =SUM(G6:G17) -> 23 | H18: =SUM(H6:H17) -> 660 | I18: =SUM(C18:H18) -> 1114
B22: Al 11 AGOSTO
B23: EJECUTIVO | C23: % DESCUENTO FARMACIA | I23: TOTAL CLIENTES
C24: 0.2 | D24: 0.15 | E24: 0.12 | F24: 0.1 | G24: 0.05 | H24: SIN
B25: JUAN PABLO BASILE | D25: 11 | E25: 1 | F25: 34 | G25: 3 | H25: 95 | I25: 144
B26: MARIO CALO | D26: 9 | F26: 18 | G26: 8 | H26: 65 | I26: 100
B27: MATIAS RETAMAR | D27: 10 | E27: 2 | F27: 48 | G27: 8 | H27: 34 | I27: 102
B28: LAGE FEDERICO | D28: 12 | E28: 0 | F28: 96 | G28: 3 | H28: 35 | I28: 146
B29: BUELA EZEQUIEL | C29: 1 | D29: 8 | E29: 5 | F29: 38 | G29: 2 | H29: 65 | I29: 119
B30: VARGAS JORGE | D30: 4 | E30: 2 | F30: 44 | G30: 8 | H30: 48 | I30: 106
B31: ROLANDO ARRIOLA | D31: 18 | F31: 61 | G31: 10 | H31: 35 | I31: 124
B32: MONTENEGRO MATIAS | D32: 21 | F32: 59 | G32: 8 | H32: 40 | I32: 128
B33: MARUCA EZEQUIEL | D33: 2 | F33: 27 | G33: 18 | H33: 70 | I33: 117
B34: MARIANA /AYELEN | H34: 33 | I34: 33
B35: ROTELA LEANDRO | I35: 0
B36: LAVENIA VANESA | D36: 9 | E36: 3 | F36: 69 | G36: 2 | H36: 34 | I36: 117
B37: TOTAL: | C37: 1 | D37: 104 | E37: 13 | F37: 494 | G37: 70 | H37: 554 | I37: 1236

Sheet BASILE
A1: COD | B1: ID | C1: FAR | D1: ALI | E1: COR | F1: ID | G1: FAR | H1: ALI | I1: COR | J1: ID | K1: FAR | L1: ALI | M1: RAZON SOCIAL | N1: 45681 | O1: OBJ. ENE | P1: FARM | Q1: ALIM | R1: FC. ENERO | S1: FALTA/ SUPERÓ | T1: % | U1: 45712 | V1: OBJ. FEB | W1: FARM | X1: ALIM | Y1: FC. FEBRERO | Z1: FALTA/ SUPERÓ | AA1: % | AB1: 45740 | AC1: OBJ. MAR | AD1: FARM | AE1: ALIM | AF1: FC. MARZO | AG1: FALTA/ SUPERÓ | AH1: % | AI1: OBJ TRIMESTRE | AJ1: FC OCT-DIC 2024 | AK1: ALIM | AL1: FARM | AM1: FC TRIMESTRE | AN1: FALTA/ SUPERÓ | AO1: % | AP1: 45771 | AQ1: FARM | AR1: ALIM | AS1: FC. ABRIL | AT1: 45801 | AU1: FARM | AV1: ALIM | AW1: FC. MAYO | AX1: 45832 | AY1: FARM | AZ1: ALIM | BA1: FC. JUNIO | BB1: FARM | BC1: ALIM | BD1: FC. TRIMESTRE | BE1: FARM | BF1: ALIM | BG1: FC. 1ER- SEMESTRE | BH1: FARM | BI1: ALIM | BJ1: FC. JULIO | BK1: 45893 | BL1: FARM | BM1: ALIM | BN1: FC. AGOSTO | BO1: 45924 | BP1: FARM | BQ1: ALIM | BR1: FC. SEPT. | BS1: FARM. TRIM. | BT1: ALIM | BU1: FC. TRIM. | BV1: 45954 | BW1: FARM | BX1: ALIM | BY1: FC. OCTUBRE | BZ1: 45985 | CA1: FARM | CB1: ALIM | CC1: FC. NOVIEMBRE | CD1: 46015 | CI1: DSCTO. FARMACIA | CJ1: ACTUAL | CK1: AL 31/01 | CL1: FEB | CM1: AL 21/03 | CN1: AL 23/04 | CO1: al 20/5 | CP1: al 24/06 | CQ1: AL 15/07 | CR1: Al 30/07 | CS1: 45844 | CT1: AL 15/08 | CU1: al 07/10 | CV1: al 27/10 | CW1: Al 13/11
A2: =VLOOKUP(M2,BASCART4,3,FALSE) -> 112014519 | B2: =VLOOKUP(M2,BASILECARTERA,2,FALSE) -> 10 | C2: =IFERROR(VLOOKUP(B2,DES,2,FALSE),"") -> 0.15 | D2: =IFERROR(VLOOKUP(B2,DES,3,FALSE),"") -> 0.23 | E2: =IFERROR(VLOOKUP(B2,DES,4,FALSE),"") -> 0 | F2: =VLOOKUP(M2,BASILECART2,2,FALSE) -> 38 | G2: =IFERROR(VLOOKUP(F2,DES,2,FALSE),"") -> 0.15 | H2: =IFERROR(VLOOKUP(F2,DES,3,FALSE),"") -> 0.26 | I2: =IFERROR(VLOOKUP(F2,DES,4,FALSE),"") -> 0 | J2: =VLOOKUP(M2,BASCART4,2,FALSE) -> 52 | K2: =IFERROR(VLOOKUP(J2,A458DC1025,2,FALSE),"") -> 0.15 | L2: =IFERROR(VLOOKUP(J2,A458DC1025,3,FALSE),"") -> 0.17 | M2: STRANGIS ADRIAN | N2: =IFERROR(VLOOKUP(M2,Basilee24,3,FALSE),"") -> 0 | O2: 3000000 | P2: =R2-Q2 -> 2219600.3 | Q2: =IFERROR(VLOOKUP(M2,BASALIM,3,FALSE),"") -> 532717.96 | R2: =IFERROR(VLOOKUP(M2,BASFC,3,FALSE),"") -> 2752318.3 | S2: =R2-O2 -> -247681.74 | T2: =R2/O2 -> 0.91743942 | U2: =IFERROR(VLOOKUP(M2,Basilee24,4,FALSE),"") -> 0 | V2: 3000000 | W2: =Y2-X2 -> 3790323.2 | X2: =IFERROR(VLOOKUP(M2,BASALIM,4,FALSE),"") -> 722136.8 | Y2: =IFERROR(VLOOKUP(M2,BASFC,4,FALSE),"") -> 4512460 | Z2: =Y2-V2 -> 1512460 | AA2: =Y2/V2 -> 1.5041533 | AB2: =IFERROR(VLOOKUP(M2,Basilee24,5,FALSE),"") -> 0 | AC2: 3000000 | AD2: =AF2-AE2 -> 714812.54 | AE2: =IFERROR(VLOOKUP(M2,BASALIM,5,FALSE),"") -> 730073.96 | AF2: =IFERROR(VLOOKUP(M2,BASFC,5,FALSE),"") -> 1444886.5 | AG2: =AF2-AC2 -> -1555113.5 | AH2: =AF2/AC2 -> 0.48162883 | AI2: =SUM(O2,V2,AC2) -> 9000000 | AJ2: =IFERROR(VLOOKUP(M2,trim2024,2,FALSE),"0") -> 9461313 | AK2: =SUM(AE2,X2,Q2) -> 1984928.7 | AL2: =SUM(P2,W2,AD2) -> 6724736 | AM2: =AF2+Y2+R2 -> 8709664.8 | AN2: =AM2-AJ2 -> -751648.26 | AO2: =AM2/AJ2 -> 0.92055561 | AP2: =IFERROR(VLOOKUP(M2,Basilee24,6,FALSE),"") -> 0 | AQ2: =AS2-AR2 -> 1491934.2 | AR2: =IFERROR(VLOOKUP(M2,BASALIM,6,FALSE),"") -> 1381583.2 | AS2: =IFERROR(VLOOKUP(M2,BASFC,6,FALSE),"") -> 2873517.4 | AT2: =IFERROR(VLOOKUP(M2,Basilee24,7,FALSE),"") -> 0 | AU2: =AW2-AV2 -> 675247.53 | AV2: =IFERROR(VLOOKUP(M2,BASALIM,7,FALSE),"") -> 338823.72 | AW2: =IFERROR(VLOOKUP(M2,BASFC,7,FALSE),"") -> 1014071.2 | AX2: =IFERROR(VLOOKUP(M2,Basilee24,8,FALSE),"") -> 0 | AY2: =BA2-AZ2 -> 1278327.2 | AZ2: =IFERROR(VLOOKUP(M2,BASALIM,8,FALSE),"") -> 279518.4 | BA2: =IFERROR(VLOOKUP(M2,BASFC,8,FALSE),"") -> 1557845.6 | BB2: =BH2+AY2+AU2 -> 4160739.5 | BC2: =BI2+AZ2+AV2 -> 1839374.2 | BD2: =BJ2+BA2+AW2 -> 6000113.8 | BE2: =BB2+AL2 -> 10885476 | BF2: =BC2+AK2 -> 3824303 | BG2: =SUM(BD2+AM2) -> 14709779 | BH2: =BJ2-BI2 -> 2207164.8 | BI2: =IFERROR(VLOOKUP(M2,BASALIM,9,FALSE),"") -> 1221032.1 | BJ2: =IFERROR(VLOOKUP(M2,BASFC,9,FALSE),"") -> 3428197 | BK2: =IFERROR(VLOOKUP(M2,Basilee24,10,FALSE),"") -> 1264274.6 | BL2: =BN2-BM2 -> 0 | BM2: =IFERROR(VLOOKUP(M2,BASALIM,10,FALSE),"") -> 0 | BN2: =IFERROR(VLOOKUP(M2,BASFC,10,FALSE),"") -> 0 | BO2: =IFERROR(VLOOKUP(M2,Basilee24,11,FALSE),"") -> 2039369.1 | BP2: =BR2-BQ2 -> 1999722.8 | BQ2: =IFERROR(VLOOKUP(M2,BASALIM,11,FALSE),"") -> 945500.15 | BR2: =IFERROR(VLOOKUP(M2,BASFC,11,FALSE),"") -> 2945222.9 | BS2: =BH2+BL2+BP2 -> 4206887.6 | BT2: =SUM(BI2,BM2,BQ2) -> 2166532.3 | BU2: =SUM(BJ2,BN2,BR2) -> 6373419.8 | BV2: =IFERROR(VLOOKUP(M2,Basilee24,12,FALSE),"") -> 2248182.6 | BW2: =BY2-BX2 -> 10547076 | BX2: =IFERROR(VLOOKUP(M2,BASALIM,12,FALSE),"") -> 2532631.5 | BY2: =IFERROR(VLOOKUP(M2,BASFC,12,FALSE),"") -> 13079707 | BZ2: =IFERROR(VLOOKUP(M2,Basilee24,13,FALSE),"") -> 2973025.5 | CD2: =IFERROR(VLOOKUP(M2,Basilee24,14,FALSE),"") -> 4240104.9 | CI2: 0.18 | CV2: 1
A3: =VLOOKUP(M3,BASCART4,3,FALSE) -> 112010681 | B3: =VLOOKUP(M3,BASILECARTERA,2,FALSE) -> 11 | C3: =IFERROR(VLOOKUP(B3,DES,2,FALSE),"") -> 0.15 | D3: =IFERROR(VLOOKUP(B3,DES,3,FALSE),"") -> 0.2 | E3: =IFERROR(VLOOKUP(B3,DES,4,FALSE),"") -> 0 | F3: =VLOOKUP(M3,BASILECART2,2,FALSE) -> 11 | G3: =IFERROR(VLOOKUP(F3,DES,2,FALSE),"") -> 0.15 | H3: =IFERROR(VLOOKUP(F3,DES,3,FALSE),"") -> 0.2 | I3: =IFERROR(VLOOKUP(F3,DES,4,FALSE),"") -> 0 | J3: =VLOOKUP(M3,BASCART4,2,FALSE) -> 54 | K3: =IFERROR(VLOOKUP(J3,A458DC1025,2,FALSE),"") -> 0.15 | L3: =IFERROR(VLOOKUP(J3,A458DC1025,3,FALSE),"") -> 0.11 | M3: ROMANO OSVALDO RUBEN | N3: =IFERROR(VLOOKUP(M3,Basilee24,3,FALSE),"") -> 1619054.6 | P3: =R3-Q3 -> 0 | Q3: =IFERROR(VLOOKUP(M3,BASALIM,3,FALSE),"") -> 0 | R3: =IFERROR(VLOOKUP(M3,BASFC,3,FALSE),"") -> 0 | S3: =R3-O3 -> 0 | T3: =R3/O3 -> #DIV/0! | U3: =IFERROR(VLOOKUP(M3,Basilee24,4,FALSE),"") -> 499675.99 | W3: =Y3-X3 -> 1487996 | X3: =IFERROR(VLOOKUP(M3,BASALIM,4,FALSE),"") -> 29037.44 | Y3: =IFERROR(VLOOKUP(M3,BASFC,4,FALSE),"") -> 1517033.4 | Z3: =Y3-V3 -> 1517033.4 | AA3: =IFERROR(Y3/V3,"") | AB3: =IFERROR(VLOOKUP(M3,Basilee24,5,FALSE),"") -> 633578.85 | AC3: =(AB3*1.5955)*1.03 -> 1041201.3 | AD3: =AF3-AE3 -> 524453.89 | AE3: =IFERROR(VLOOKUP(M3,BASALIM,5,FALSE),"") -> 0 | AF3: =IFERROR(VLOOKUP(M3,BASFC,5,FALSE),"") -> 524453.89 | AG3: =AF3-AC3 -> -516747.42 | AH3: =AF3/AC3 -> 0.50370076 | AI3: =SUM(O3,V3,AC3) -> 1041201.3 | AJ3: =IFERROR(VLOOKUP(M3,trim2024,2,FALSE),"0") -> 3483125.6 | AK3: =SUM(AE3,X3,Q3) -> 29037.44 | AL3: =SUM(P3,W3,AD3) -> 2012449.9 | AM3: =AF3+Y3+R3 -> 2041487.3 | AN3: =AM3-AJ3 -> -1441638.3 | AO3: =AM3/AJ3 -> 0.58610787 | AP3: =IFERROR(VLOOKUP(M3,Basilee24,6,FALSE),"") -> 1419591.3 | AQ3: =AS3-AR3 -> 2093842.6 | AR3: =IFERROR(VLOOKUP(M3,BASALIM,6,FALSE),"") -> 95826.3 | AS3: =IFERROR(VLOOKUP(M3,BASFC,6,FALSE),"") -> 2189668.9 | AT3: =IFERROR(VLOOKUP(M3,Basilee24,7,FALSE),"") -> 927780.34 | AU3: =AW3-AV3 -> 988494.16 | AV3: =IFERROR(VLOOKUP(M3,BASALIM,7,FALSE),"") -> 17818.1 | AW3: =IFERROR(VLOOKUP(M3,BASFC,7,FALSE),"") -> 1006312.3 | AX3: =IFERROR(VLOOKUP(M3,Basilee24,8,FALSE),"") -> 1193080.1 | AY3: =BA3-AZ3 -> 1058755 | AZ3: =IFERROR(VLOOKUP(M3,BASALIM,8,FALSE),"") -> 51107.36 | BA3: =IFERROR(VLOOKUP(M3,BASFC,8,FALSE),"") -> 1109862.3 | BB3: =BH3+AY3+AU3 -> 3002805.4 | BC3: =BI3+AZ3+AV3 -> 68925.46 | BD3: =BJ3+BA3+AW3 -> 3071730.8 | BE3: =BB3+AL3 -> 5015255.2 | BF3: =BC3+AK3 -> 97962.9 | BG3: =SUM(BD3+AM3) -> 5113218.1 | BH3: =BJ3-BI3 -> 955556.24 | BI3: =IFERROR(VLOOKUP(M3,BASALIM,9,FALSE),"") -> 0 | BJ3: =IFERROR(VLOOKUP(M3,BASFC,9,FALSE),"") -> 955556.24 | BK3: =IFERROR(VLOOKUP(M3,Basilee24,10,FALSE),"") -> 0 | BL3: =BN3-BM3 -> 1606601.3 | BM3: =IFERROR(VLOOKUP(M3,BASALIM,10,FALSE),"") -> 17086.75 | BN3: =IFERROR(VLOOKUP(M3,BASFC,10,FALSE),"") -> 1623688 | BO3: =IFERROR(VLOOKUP(M3,Basilee24,11,FALSE),"") -> 393776.97 | BP3: =BR3-BQ3 -> 1618113.6 | BQ3: =IFERROR(VLOOKUP(M3,BASALIM,11,FALSE),"") -> 0 | BR3: =IFERROR(VLOOKUP(M3,BASFC,11,FALSE),"") -> 1618113.6 | BS3: =BH3+BL3+BP3 -> 4180271.1 | BT3: =SUM(BI3,BM3,BQ3) -> 17086.75 | BU3: =SUM(BJ3,BN3,BR3) -> 4197357.9 | BV3: =IFERROR(VLOOKUP(M3,Basilee24,12,FALSE),"") -> 2735282.9 | BW3: =BY3-BX3 -> 2187081.9 | BX3: =IFERROR(VLOOKUP(M3,BASALIM,12,FALSE),"") -> 0 | BY3: =IFERROR(VLOOKUP(M3,BASFC,12,FALSE),"") -> 2187081.9 | BZ3: =IFERROR(VLOOKUP(M3,Basilee24,13,FALSE),"") -> 747842.66 | CD3: =IFERROR(VLOOKUP(M3,Basilee24,14,FALSE),"") -> 0 | CI3: 0.15 | CJ3: 11 | CK3: 10 | CL3: 11 | CM3: 11 | CN3: 10 | CO3: 10 | CP3: 10 | CQ3: 11 | CR3: 11 | CS3: 11 | CT3: 10 | CU3: 11 | CV3: 11 | CW3: 11
A4: =VLOOKUP(M4,BASCART4,3,FALSE) -> 112014520 | B4: =VLOOKUP(M4,BASILECARTERA,2,FALSE) -> 38 | C4: =IFERROR(VLOOKUP(B4,DES,2,FALSE),"") -> 0.15 | D4: =IFERROR(VLOOKUP(B4,DES,3,FALSE),"") -> 0.26 | E4: =IFERROR(VLOOKUP(B4,DES,4,FALSE),"") -> 0 | F4: =VLOOKUP(M4,BASILECART2,2,FALSE) -> 38 | G4: =IFERROR(VLOOKUP(F4,DES,2,FALSE),"") -> 0.15 | H4: =IFERROR(VLOOKUP(F4,DES,3,FALSE),"") -> 0.26 | I4: =IFERROR(VLOOKUP(F4,DES,4,FALSE),"") -> 0 | J4: =VLOOKUP(M4,BASCART4,2,FALSE) -> 52 | K4: =IFERROR(VLOOKUP(J4,A458DC1025,2,FALSE),"") -> 0.15 | L4: =IFERROR(VLOOKUP(J4,A458DC1025,3,FALSE),"") -> 0.17 | M4: PIEDROZZI MARCOS/HIGA | N4: =IFERROR(VLOOKUP(M4,Basilee24,3,FALSE),"") | O4: =(N4*1.601)*1.05 -> #VALUE! | P4: =R4-Q4 -> 5711147.8 | Q4: =IFERROR(VLOOKUP(M4,BASALIM,3,FALSE),"") -> 30335362 | R4: =IFERROR(VLOOKUP(M4,BASFC,3,FALSE),"") -> 36046509 | S4: =R4-O4 -> #VALUE! | T4: =R4/O4 -> #VALUE! | U4: =IFERROR(VLOOKUP(M4,Basilee24,4,FALSE),"") | V4: =U4*1.7245 -> #VALUE! | W4: =Y4-X4 -> 17722887 | X4: =IFERROR(VLOOKUP(M4,BASALIM,4,FALSE),"") -> 17654908 | Y4: =IFERROR(VLOOKUP(M4,BASFC,4,FALSE),"") -> 35377795 | Z4: =Y4-V4 -> #VALUE! | AA4: =Y4/V4 -> #VALUE! | AB4: =IFERROR(VLOOKUP(M4,Basilee24,5,FALSE),"") | AC4: =(AB4*1.5955)*1.03 -> #VALUE! | AD4: =AF4-AE4 -> 211657.73 | AE4: =IFERROR(VLOOKUP(M4,BASALIM,5,FALSE),"") -> 33261060 | AF4: =IFERROR(VLOOKUP(M4,BASFC,5,FALSE),"") -> 33472717 | AG4: =AF4-AC4 -> #VALUE! | AH4: =AF4/AC4 -> #VALUE! | AI4: =SUM(O4,V4,AC4) -> #VALUE! | AJ4: =IFERROR(VLOOKUP(M4,trim2024,2,FALSE),"0") -> 0 | AK4: =SUM(AE4,X4,Q4) -> 81251329 | AL4: =SUM(P4,W4,AD4) -> 23645692 | AM4: =AF4+Y4+R4 -> 1.0489702e+08 | AN4: =AM4-AJ4 -> 1.0489702e+08 | AO4: =AM4/AJ4 -> #DIV/0! | AP4: =IFERROR(VLOOKUP(M4,Basilee24,6,FALSE),"") | AQ4: =AS4-AR4 -> 3645409.7 | AR4: =IFERROR(VLOOKUP(M4,BASALIM,6,FALSE),"") -> 31559592 | AS4: =IFERROR(VLOOKUP(M4,BASFC,6,FALSE),"") -> 35205001 | AT4: =IFERROR(VLOOKUP(M4,Basilee24,7,FALSE),"") | AU4: =AW4-AV4 -> 14734201 | AV4: =IFERROR(VLOOKUP(M4,BASALIM,7,FALSE),"") -> 34803454 | AW4: =IFERROR(VLOOKUP(M4,BASFC,7,FALSE),"") -> 49537655 | AX4: =IFERROR(VLOOKUP(M4,Basilee24,8,FALSE),"") | AY4: =BA4-AZ4 -> 9104628.5 | AZ4: =IFERROR(VLOOKUP(M4,BASALIM,8,FALSE),"") -> 27162655 | BA4: =IFERROR(VLOOKUP(M4,BASFC,8,FALSE),"") -> 36267284 | BB4: =BH4+AY4+AU4 -> 24239437 | BC4: =BI4+AZ4+AV4 -> 84567752 | BD4: =BJ4+BA4+AW4 -> 1.0880719e+08 | BE4: =BB4+AL4 -> 47885129 | BF4: =BC4+AK4 -> 1.6581908e+08 | BG4: =SUM(BD4+AM4) -> 2.1370421e+08 | BH4: =BJ4-BI4 -> 400607.58 | BI4: =IFERROR(VLOOKUP(M4,BASALIM,9,FALSE),"") -> 22601643 | BJ4: =IFERROR(VLOOKUP(M4,BASFC,9,FALSE),"") -> 23002250 | BK4: =IFERROR(VLOOKUP(M4,Basilee24,10,FALSE),"") | BL4: =BN4-BM4 -> 1023032.6 | BM4: =IFERROR(VLOOKUP(M4,BASALIM,10,FALSE),"") -> 16261281 | BN4: =IFERROR(VLOOKUP(M4,BASFC,10,FALSE),"") -> 17284313 | BO4: =IFERROR(VLOOKUP(M4,Basilee24,11,FALSE),"") | BP4: =BR4-BQ4 -> 5219352.1 | BQ4: =IFERROR(VLOOKUP(M4,BASALIM,11,FALSE),"") -> 25511912 | BR4: =IFERROR(VLOOKUP(M4,BASFC,11,FALSE),"") -> 30731265 | BS4: =BH4+BL4+BP4 -> 6642992.3 | BT4: =SUM(BI4,BM4,BQ4) -> 64374836 | BU4: =SUM(BJ4,BN4,BR4) -> 71017828 | BV4: =IFERROR(VLOOKUP(M4,Basilee24,12,FALSE),"") | BW4: =BY4-BX4 -> 6530036.8 | BX4: =IFERROR(VLOOKUP(M4,BASALIM,12,FALSE),"") -> 13466687 | BY4: =IFERROR(VLOOKUP(M4,BASFC,12,FALSE),"") -> 19996724 | BZ4: =IFERROR(VLOOKUP(M4,Basilee24,13,FALSE),"") | CD4: =IFERROR(VLOOKUP(M4,Basilee24,14,FALSE),"") | CI4: 0.12 | CK4: 3 | CL4: 3 | CM4: 0 | CN4: 0 | CO4: 0 | CP4: 1 | CQ4: 1 | CR4: 1 | CS4: 1
A5: =VLOOKUP(M5,BASCART4,3,FALSE) -> 112014235 | B5: =VLOOKUP(M5,BASILECARTERA,2,FALSE) -> 38 | C5: =IFERROR(VLOOKUP(B5,DES,2,FALSE),"") -> 0.15 | D5: =IFERROR(VLOOKUP(B5,DES,3,FALSE),"") -> 0.26 | E5: =IFERROR(VLOOKUP(B5,DES,4,FALSE),"") -> 0 | F5: =VLOOKUP(M5,BASILECART2,2,FALSE) -> 38 | G5: =IFERROR(VLOOKUP(F5,DES,2,FALSE),"") -> 0.15 | H5: =IFERROR(VLOOKUP(F5,DES,3,FALSE),"") -> 0.26 | I5: =IFERROR(VLOOKUP(F5,DES,4,FALSE),"") -> 0 | J5: =VLOOKUP(M5,BASCART4,2,FALSE) -> 52 | K5: =IFERROR(VLOOKUP(J5,A458DC1025,2,FALSE),"") -> 0.15 | L5: =IFERROR(VLOOKUP(J5,A458DC1025,3,FALSE),"") -> 0.17 | M5: NUTRIVALENT/ NUTRIVALENT SUC2/ VERGARA | N5: =IFERROR(VLOOKUP(M5,Basilee24,3,FALSE),"") -> 14230057 | O5: =(N5*1.601)*1.05 -> 23921437 | P5: =R5-Q5 -> 1416831 | Q5: =IFERROR(VLOOKUP(M5,BASALIM,3,FALSE),"") -> 21262272 | R5: =IFERROR(VLOOKUP(M5,BASFC,3,FALSE),"") -> 22679103 | S5: =R5-O5 -> -1242333.5 | T5: =R5/O5 -> 0.9480661 | U5: =IFERROR(VLOOKUP(M5,Basilee24,4,FALSE),"") -> 14727078 | V5: =U5*1.7245 -> 25396846 | W5: =Y5-X5 -> 1819323 | X5: =IFERROR(VLOOKUP(M5,BASALIM,4,FALSE),"") -> 29364223 | Y5: =IFERROR(VLOOKUP(M5,BASFC,4,FALSE),"") -> 31183546 | Z5: =Y5-V5 -> 5786699.7 | AA5: =Y5/V5 -> 1.2278511 | AB5: =IFERROR(VLOOKUP(M5,Basilee24,5,FALSE),"") -> 27181917 | AC5: =(AB5*1.5955)*1.03 -> 44669811 | AD5: =AF5-AE5 -> 1221067.5 | AE5: =IFERROR(VLOOKUP(M5,BASALIM,5,FALSE),"") -> 23470678 | AF5: =IFERROR(VLOOKUP(M5,BASFC,5,FALSE),"") -> 24691745 | AG5: =AF5-AC5 -> -19978066 | AH5: =AF5/AC5 -> 0.55276136 | AI5: =SUM(O5,V5,AC5) -> 93988093 | AJ5: =IFERROR(VLOOKUP(M5,trim2024,2,FALSE),"0") -> 97043915 | AK5: =SUM(AE5,X5,Q5) -> 74097173 | AL5: =SUM(P5,W5,AD5) -> 4457221.5 | AM5: =AF5+Y5+R5 -> 78554394 | AN5: =AM5-AJ5 -> -18489521 | AO5: =AM5/AJ5 -> 0.80947264 | AP5: =IFERROR(VLOOKUP(M5,Basilee24,6,FALSE),"") -> 25421451 | AQ5: =AS5-AR5 -> 1061367.4 | AR5: =IFERROR(VLOOKUP(M5,BASALIM,6,FALSE),"") -> 34398020 | AS5: =IFERROR(VLOOKUP(M5,BASFC,6,FALSE),"") -> 35459387 | AT5: =IFERROR(VLOOKUP(M5,Basilee24,7,FALSE),"") -> 18456604 | AU5: =AW5-AV5 -> 707578.25 | AV5: =IFERROR(VLOOKUP(M5,BASALIM,7,FALSE),"") -> 35477507 | AW5: =IFERROR(VLOOKUP(M5,BASFC,7,FALSE),"") -> 36185086 | AX5: =IFERROR(VLOOKUP(M5,Basilee24,8,FALSE),"") -> 21238449 | AY5: =BA5-AZ5 -> 249543 | AZ5: =IFERROR(VLOOKUP(M5,BASALIM,8,FALSE),"") -> 42774868 | BA5: =IFERROR(VLOOKUP(M5,BASFC,8,FALSE),"") -> 43024411 | BB5: =BH5+AY5+AU5 -> 1243269.5 | BC5: =BI5+AZ5+AV5 -> 1.2186922e+08 | BD5: =BJ5+BA5+AW5 -> 1.2311249e+08 | BE5: =BB5+AL5 -> 5700491 | BF5: =BC5+AK5 -> 1.959664e+08 | BG5: =SUM(BD5+AM5) -> 2.0166689e+08 | BH5: =BJ5-BI5 -> 286148.25 | BI5: =IFERROR(VLOOKUP(M5,BASALIM,9,FALSE),"") -> 43616849 | BJ5: =IFERROR(VLOOKUP(M5,BASFC,9,FALSE),"") -> 43902998 | BK5: =IFERROR(VLOOKUP(M5,Basilee24,10,FALSE),"") -> 33141853 | BL5: =BN5-BM5 -> 1650887.3 | BM5: =IFERROR(VLOOKUP(M5,BASALIM,10,FALSE),"") -> 55811631 | BN5: =IFERROR(VLOOKUP(M5,BASFC,10,FALSE),"") -> 57462518 | BO5: =IFERROR(VLOOKUP(M5,Basilee24,11,FALSE),"") -> 20627958 | BP5: =BR5-BQ5 -> 2383671.7 | BQ5: =IFERROR(VLOOKUP(M5,BASALIM,11,FALSE),"") -> 9042218 | BR5: =IFERROR(VLOOKUP(M5,BASFC,11,FALSE),"") -> 11425890 | BS5: =BH5+BL5+BP5 -> 4320707.3 | BT5: =SUM(BI5,BM5,BQ5) -> 1.084707e+08 | BU5: =SUM(BJ5,BN5,BR5) -> 1.1279141e+08 | BV5: =IFERROR(VLOOKUP(M5,Basilee24,12,FALSE),"") -> 27477443 | BW5: =BY5-BX5 -> 968840.29 | BX5: =IFERROR(VLOOKUP(M5,BASALIM,12,FALSE),"") -> 282201.93 | BY5: =IFERROR(VLOOKUP(M5,BASFC,12,FALSE),"") -> 1251042.2 | BZ5: =IFERROR(VLOOKUP(M5,Basilee24,13,FALSE),"") -> 27210427 | CD5: =IFERROR(VLOOKUP(M5,Basilee24,14,FALSE),"") -> 42356045 | CI5: 0.1 | CJ5: 24 | CK5: 18 | CL5: 18 | CM5: 27 | CN5: 30 | CO5: 31 | CP5: 33 | CQ5: 33 | CR5: 34 | CS5: 34 | CT5: 23 | CU5: 23 | CV5: 25 | CW5: 24
A6: =VLOOKUP(M6,BASCART4,3,FALSE) -> 112012275 | B6: =VLOOKUP(M6,BASILECARTERA,2,FALSE) -> 10 | C6: =IFERROR(VLOOKUP(B6,DES,2,FALSE),"") -> 0.15 | D6: =IFERROR(VLOOKUP(B6,DES,3,FALSE),"") -> 0.23 | E6: =IFERROR(VLOOKUP(B6,DES,4,FALSE),"") -> 0 | F6: =VLOOKUP(M6,BASILECART2,2,FALSE) -> 10 | G6: =IFERROR(VLOOKUP(F6,DES,2,FALSE),"") -> 0.15 | H6: =IFERROR(VLOOKUP(F6,DES,3,FALSE),"") -> 0.23 | I6: =IFERROR(VLOOKUP(F6,DES,4,FALSE),"") -> 0 | J6: =VLOOKUP(M6,BASCART4,2,FALSE) -> 53 | K6: =IFERROR(VLOOKUP(J6,A458DC1025,2,FALSE),"") -> 0.15 | L6: =IFERROR(VLOOKUP(J6,A458DC1025,3,FALSE),"") -> 0.14 | M6: HAKUNA MATATA/SUC 2 | N6: =IFERROR(VLOOKUP(M6,Basilee24,3,FALSE),"") -> 3625306.2 | O6: =(N6*1.601)*1.05 -> 6094321 | P6: =R6-Q6 -> 2024292.2 | Q6: =IFERROR(VLOOKUP(M6,BASALIM,3,FALSE),"") -> 6311486.4 | R6: =IFERROR(VLOOKUP(M6,BASFC,3,FALSE),"") -> 8335778.7 | S6: =R6-O6 -> 2241457.7 | T6: =R6/O6 -> 1.3677945 | U6: =IFERROR(VLOOKUP(M6,Basilee24,4,FALSE),"") -> 7557763.1 | V6: =U6*1.7245 -> 13033362 | W6: =Y6-X6 -> 4116637.3 | X6: =IFERROR(VLOOKUP(M6,BASALIM,4,FALSE),"") -> 6586208.9 | Y6: =IFERROR(VLOOKUP(M6,BASFC,4,FALSE),"") -> 10702846 | Z6: =Y6-V6 -> -2330516.2 | AA6: =Y6/V6 -> 0.82118841 | AB6: =IFERROR(VLOOKUP(M6,Basilee24,5,FALSE),"") -> 9972714.7 | AC6: =(AB6*1.5955)*1.03 -> 16388810 | AD6: =AF6-AE6 -> 1195291.5 | AE6: =IFERROR(VLOOKUP(M6,BASALIM,5,FALSE),"") -> 9468781.6 | AF6: =IFERROR(VLOOKUP(M6,BASFC,5,FALSE),"") -> 10664073 | AG6: =AF6-AC6 -> -5724737.2 | AH6: =AF6/AC6 -> 0.65069233 | AI6: =SUM(O6,V6,AC6) -> 35516494 | AJ6: =IFERROR(VLOOKUP(M6,trim2024,2,FALSE),"0") -> 24953340 | AK6: =SUM(AE6,X6,Q6) -> 22366477 | AL6: =SUM(P6,W6,AD6) -> 7336221 | AM6: =AF6+Y6+R6 -> 29702698 | AN6: =AM6-AJ6 -> 4749357.7 | AO6: =AM6/AJ6 -> 1.1903295 | AP6: =IFERROR(VLOOKUP(M6,Basilee24,6,FALSE),"") -> 4172537.6 | AQ6: =AS6-AR6 -> 1838991 | AR6: =IFERROR(VLOOKUP(M6,BASALIM,6,FALSE),"") -> 9753284.7 | AS6: =IFERROR(VLOOKUP(M6,BASFC,6,FALSE),"") -> 11592276 | AT6: =IFERROR(VLOOKUP(M6,Basilee24,7,FALSE),"") -> 8078157.9 | AU6: =AW6-AV6 -> 1902157.7 | AV6: =IFERROR(VLOOKUP(M6,BASALIM,7,FALSE),"") -> 11396690 | AW6: =IFERROR(VLOOKUP(M6,BASFC,7,FALSE),"") -> 13298847 | AX6: =IFERROR(VLOOKUP(M6,Basilee24,8,FALSE),"") -> 4165889.4 | AY6: =BA6-AZ6 -> 3090913.7 | AZ6: =IFERROR(VLOOKUP(M6,BASALIM,8,FALSE),"") -> 7683403.3 | BA6: =IFERROR(VLOOKUP(M6,BASFC,8,FALSE),"") -> 10774317 | BB6: =BH6+AY6+AU6 -> 8049822.5 | BC6: =BI6+AZ6+AV6 -> 28325850 | BD6: =BJ6+BA6+AW6 -> 36375673 | BE6: =BB6+AL6 -> 15386044 | BF6: =BC6+AK6 -> 50692327 | BG6: =SUM(BD6+AM6) -> 66078371 | BH6: =BJ6-BI6 -> 3056751.1 | BI6: =IFERROR(VLOOKUP(M6,BASALIM,9,FALSE),"") -> 9245757.5 | BJ6: =IFERROR(VLOOKUP(M6,BASFC,9,FALSE),"") -> 12302509 | BK6: =IFERROR(VLOOKUP(M6,Basilee24,10,FALSE),"") -> 4362355.7 | BL6: =BN6-BM6 -> 520176.75 | BM6: =IFERROR(VLOOKUP(M6,BASALIM,10,FALSE),"") -> 5940096.3 | BN6: =IFERROR(VLOOKUP(M6,BASFC,10,FALSE),"") -> 6460273 | BO6: =IFERROR(VLOOKUP(M6,Basilee24,11,FALSE),"") -> 5801888.6 | BP6: =BR6-BQ6 -> 187589.64 | BQ6: =IFERROR(VLOOKUP(M6,BASALIM,11,FALSE),"") -> 4420738 | BR6: =IFERROR(VLOOKUP(M6,BASFC,11,FALSE),"") -> 4608327.6 | BS6: =BH6+BL6+BP6 -> 3764517.5 | BT6: =SUM(BI6,BM6,BQ6) -> 19606592 | BU6: =SUM(BJ6,BN6,BR6) -> 23371109 | BV6: =IFERROR(VLOOKUP(M6,Basilee24,12,FALSE),"") -> 7359598 | BW6: =BY6-BX6 -> 296315.57 | BX6: =IFERROR(VLOOKUP(M6,BASALIM,12,FALSE),"") -> 4055629.4 | BY6: =IFERROR(VLOOKUP(M6,BASFC,12,FALSE),"") -> 4351944.9 | BZ6: =IFERROR(VLOOKUP(M6,Basilee24,13,FALSE),"") -> 8741529.3 | CD6: =IFERROR(VLOOKUP(M6,Basilee24,14,FALSE),"") -> 8852212.9 | CI6: 0.05 | CK6: 4 | CL6: 4 | CM6: 4 | CN6: 3 | CO6: 3 | CP6: 3 | CQ6: 3 | CR6: 3 | CS6: 3 | CT6: 1 | CU6: 1
A7: =VLOOKUP(M7,BASCART4,3,FALSE) -> 112014605 | B7: =VLOOKUP(M7,BASILECARTERA,2,FALSE) -> 10 | C7: =IFERROR(VLOOKUP(B7,DES,2,FALSE),"") -> 0.15 | D7: =IFERROR(VLOOKUP(B7,DES,3,FALSE),"") -> 0.23 | E7: =IFERROR(VLOOKUP(B7,DES,4,FALSE),"") -> 0 | F7: =VLOOKUP(M7,BASILECART2,2,FALSE) -> 10 | G7: =IFERROR(VLOOKUP(F7,DES,2,FALSE),"") -> 0.15 | H7: =IFERROR(VLOOKUP(F7,DES,3,FALSE),"") -> 0.23 | I7: =IFERROR(VLOOKUP(F7,DES,4,FALSE),"") -> 0 | J7: =VLOOKUP(M7,BASCART4,2,FALSE) -> 53 | K7: =IFERROR(VLOOKUP(J7,A458DC1025,2,FALSE),"") -> 0.15 | L7: =IFERROR(VLOOKUP(J7,A458DC1025,3,FALSE),"") -> 0.14 | M7: FORTUNATO EMILIANO ANGEL | N7: =IFERROR(VLOOKUP(M7,Basilee24,3,FALSE),"") | O7: 3000000 | P7: =R7-Q7 -> #VALUE! | Q7: =IFERROR(VLOOKUP(M7,BASALIM,3,FALSE),"") | R7: =IFERROR(VLOOKUP(M7,BASFC,3,FALSE),"") -> 0 | S7: =R7-O7 -> -3000000 | T7: =R7/O7 -> 0 | U7: =IFERROR(VLOOKUP(M7,Basilee24,4,FALSE),"") | V7: 3000000 | W7: =Y7-X7 -> #VALUE! | X7: =IFERROR(VLOOKUP(M7,BASALIM,4,FALSE),"") | Y7: =IFERROR(VLOOKUP(M7,BASFC,4,FALSE),"") -> 2964403.4 | Z7: =Y7-V7 -> -35596.63 | AA7: =Y7/V7 -> 0.98813446 | AB7: =IFERROR(VLOOKUP(M7,Basilee24,5,FALSE),"") | AC7: 3000000 | AD7: =AF7-AE7 -> #VALUE! | AE7: =IFERROR(VLOOKUP(M7,BASALIM,5,FALSE),"") | AF7: =IFERROR(VLOOKUP(M7,BASFC,5,FALSE),"") -> 101143.2 | AG7: =AF7-AC7 -> -2898856.8 | AH7: =AF7/AC7 -> 0.0337144 | AI7: =SUM(O7,V7,AC7) -> 9000000 | AJ7: =IFERROR(VLOOKUP(M7,trim2024,2,FALSE),"0") -> 0 | AK7: =SUM(AE7,X7,Q7) -> 0 | AL7: =SUM(P7,W7,AD7) -> #VALUE! | AM7: =AF7+Y7+R7 -> 3065546.6 | AN7: =AM7-AJ7 -> 3065546.6 | AO7: =AM7/AJ7 -> #DIV/0! | AP7: =IFERROR(VLOOKUP(M7,Basilee24,6,FALSE),"") | AQ7: =AS7-AR7 -> #VALUE! | AR7: =IFERROR(VLOOKUP(M7,BASALIM,6,FALSE),"") | AS7: =IFERROR(VLOOKUP(M7,BASFC,6,FALSE),"") -> 0 | AT7: =IFERROR(VLOOKUP(M7,Basilee24,7,FALSE),"") | AU7: =AW7-AV7 -> #VALUE! | AV7: =IFERROR(VLOOKUP(M7,BASALIM,7,FALSE),"") | AW7: =IFERROR(VLOOKUP(M7,BASFC,7,FALSE),"") -> 0 | AX7: =IFERROR(VLOOKUP(M7,Basilee24,8,FALSE),"") | AY7: =BA7-AZ7 -> #VALUE! | AZ7: =IFERROR(VLOOKUP(M7,BASALIM,8,FALSE),"") | BA7: =IFERROR(VLOOKUP(M7,BASFC,8,FALSE),"") -> 0 | BB7: =BH7+AY7+AU7 -> #VALUE! | BC7: =BI7+AZ7+AV7 -> #VALUE! | BD7: =BJ7+BA7+AW7 -> 0 | BE7: =BB7+AL7 -> #VALUE! | BF7: =BC7+AK7 -> #VALUE! | BG7: =SUM(BD7+AM7) -> 3065546.6 | BH7: =BJ7-BI7 -> #VALUE! | BI7: =IFERROR(VLOOKUP(M7,BASALIM,9,FALSE),"") | BJ7: =IFERROR(VLOOKUP(M7,BASFC,9,FALSE),"") -> 0 | BK7: =IFERROR(VLOOKUP(M7,Basilee24,10,FALSE),"") | BL7: =BN7-BM7 -> #VALUE! | BM7: =IFERROR(VLOOKUP(M7,BASALIM,10,FALSE),"") | BN7: =IFERROR(VLOOKUP(M7,BASFC,10,FALSE),"") -> 1718749.2 | BO7: =IFERROR(VLOOKUP(M7,Basilee24,11,FALSE),"") | BP7: =BR7-BQ7 -> #VALUE! | BQ7: =IFERROR(VLOOKUP(M7,BASALIM,11,FALSE),"") | BR7: =IFERROR(VLOOKUP(M7,BASFC,11,FALSE),"") -> 2550720.8 | BS7: =BH7+BL7+BP7 -> #VALUE! | BT7: =SUM(BI7,BM7,BQ7) -> 0 | BU7: =SUM(BJ7,BN7,BR7) -> 4269470 | BV7: =IFERROR(VLOOKUP(M7,Basilee24,12,FALSE),"") | BW7: =BY7-BX7 -> #VALUE! | BX7: =IFERROR(VLOOKUP(M7,BASALIM,12,FALSE),"") | BY7: =IFERROR(VLOOKUP(M7,BASFC,12,FALSE),"") -> 4341473.1 | BZ7: =IFERROR(VLOOKUP(M7,Basilee24,13,FALSE),"") | CD7: =IFERROR(VLOOKUP(M7,Basilee24,14,FALSE),"") | CI7: SIN | CJ7: 114 | CK7: 86 | CL7: 85 | CM7: 98 | CN7: 96 | CO7: 95 | CP7: 94 | CQ7: 94 | CR7: 94 | CS7: 95 | CT7: 111 | CU7: 114 | CV7: 116 | CW7: 114
A8: =VLOOKUP(M8,BASCART4,3,FALSE) -> 112013867 | B8: =VLOOKUP(M8,BASILECARTERA,2,FALSE) -> 12 | C8: =IFERROR(VLOOKUP(B8,DES,2,FALSE),"") -> 0.15 | D8: =IFERROR(VLOOKUP(B8,DES,3,FALSE),"") -> 0.09 | E8: =IFERROR(VLOOKUP(B8,DES,4,FALSE),"") -> 0 | F8: =VLOOKUP(M8,BASILECART2,2,FALSE) -> 12 | G8: =IFERROR(VLOOKUP(F8,DES,2,FALSE),"") -> 0.15 | H8: =IFERROR(VLOOKUP(F8,DES,3,FALSE),"") -> 0.09 | I8: =IFERROR(VLOOKUP(F8,DES,4,FALSE),"") -> 0 | J8: =VLOOKUP(M8,BASCART4,2,FALSE) -> 55 | K8: =IFERROR(VLOOKUP(J8,A458DC1025,2,FALSE),"") -> 0.15 | L8: =IFERROR(VLOOKUP(J8,A458DC1025,3,FALSE),"") -> 0.05 | M8: DURAN SERGIO DANIEL | N8: =IFERROR(VLOOKUP(M8,Basilee24,3,FALSE),"") -> 2146107 | O8: =(N8*1.601)*1.05 -> 3607713.1 | P8: =R8-Q8 -> #VALUE! | Q8: =IFERROR(VLOOKUP(M8,BASALIM,3,FALSE),"") | R8: =IFERROR(VLOOKUP(M8,BASFC,3,FALSE),"") -> 5413003.3 | S8: =R8-O8 -> 1805290.1 | T8: =R8/O8 -> 1.5003974 | U8: =IFERROR(VLOOKUP(M8,Basilee24,4,FALSE),"") -> 1009713.9 | V8: 3000000 | W8: =Y8-X8 -> #VALUE! | X8: =IFERROR(VLOOKUP(M8,BASALIM,4,FALSE),"") | Y8: =IFERROR(VLOOKUP(M8,BASFC,4,FALSE),"") -> 2353881 | Z8: =Y8-V8 -> -646119.05 | AA8: =Y8/V8 -> 0.78462698 | AB8: =IFERROR(VLOOKUP(M8,Basilee24,5,FALSE),"") -> 1230548.7 | AC8: 3000000 | AD8: =AF8-AE8 -> #VALUE! | AE8: =IFERROR(VLOOKUP(M8,BASALIM,5,FALSE),"") | AF8: =IFERROR(VLOOKUP(M8,BASFC,5,FALSE),"") -> 3042748.2 | AG8: =AF8-AC8 -> 42748.21 | AH8: =AF8/AC8 -> 1.0142494 | AI8: =SUM(O8,V8,AC8) -> 9607713.1 | AJ8: =IFERROR(VLOOKUP(M8,trim2024,2,FALSE),"0") -> 14303963 | AK8: =SUM(AE8,X8,Q8) -> 0 | AL8: =SUM(P8,W8,AD8) -> #VALUE! | AM8: =AF8+Y8+R8 -> 10809632 | AN8: =AM8-AJ8 -> -3494330.5 | AO8: =AM8/AJ8 -> 0.75570892 | AP8: =IFERROR(VLOOKUP(M8,Basilee24,6,FALSE),"") -> 703328.37 | AQ8: =AS8-AR8 -> #VALUE! | AR8: =IFERROR(VLOOKUP(M8,BASALIM,6,FALSE),"") | AS8: =IFERROR(VLOOKUP(M8,BASFC,6,FALSE),"") -> 2455587.4 | AT8: =IFERROR(VLOOKUP(M8,Basilee24,7,FALSE),"") -> 1141074.9 | AU8: =AW8-AV8 -> #VALUE! | AV8: =IFERROR(VLOOKUP(M8,BASALIM,7,FALSE),"") | AW8: =IFERROR(VLOOKUP(M8,BASFC,7,FALSE),"") -> 2172851.1 | AX8: =IFERROR(VLOOKUP(M8,Basilee24,8,FALSE),"") -> 1264239.2 | AY8: =BA8-AZ8 -> #VALUE! | AZ8: =IFERROR(VLOOKUP(M8,BASALIM,8,FALSE),"") | BA8: =IFERROR(VLOOKUP(M8,BASFC,8,FALSE),"") -> 2052576.5 | BB8: =BH8+AY8+AU8 -> #VALUE! | BC8: =BI8+AZ8+AV8 -> #VALUE! | BD8: =BJ8+BA8+AW8 -> 5253472.3 | BE8: =BB8+AL8 -> #VALUE! | BF8: =BC8+AK8 -> #VALUE! | BG8: =SUM(BD8+AM8) -> 16063105 | BH8: =BJ8-BI8 -> #VALUE! | BI8: =IFERROR(VLOOKUP(M8,BASALIM,9,FALSE),"") | BJ8: =IFERROR(VLOOKUP(M8,BASFC,9,FALSE),"") -> 1028044.8 | BK8: =IFERROR(VLOOKUP(M8,Basilee24,10,FALSE),"") -> 2084940.8 | BL8: =BN8-BM8 -> #VALUE! | BM8: =IFERROR(VLOOKUP(M8,BASALIM,10,FALSE),"") | BN8: =IFERROR(VLOOKUP(M8,BASFC,10,FALSE),"") -> 1129663.3 | BO8: =IFERROR(VLOOKUP(M8,Basilee24,11,FALSE),"") -> 1661952.3 | BP8: =BR8-BQ8 -> #VALUE! | BQ8: =IFERROR(VLOOKUP(M8,BASALIM,11,FALSE),"") | BR8: =IFERROR(VLOOKUP(M8,BASFC,11,FALSE),"") -> 2916085.3 | BS8: =BH8+BL8+BP8 -> #VALUE! | BT8: =SUM(BI8,BM8,BQ8) -> 0 | BU8: =SUM(BJ8,BN8,BR8) -> 5073793.3 | BV8: =IFERROR(VLOOKUP(M8,Basilee24,12,FALSE),"") -> 4568330.6 | BW8: =BY8-BX8 -> #VALUE! | BX8: =IFERROR(VLOOKUP(M8,BASALIM,12,FALSE),"") | BY8: =IFERROR(VLOOKUP(M8,BASFC,12,FALSE),"") -> 5802249.7 | BZ8: =IFERROR(VLOOKUP(M8,Basilee24,13,FALSE),"") -> 4468315.2 | CD8: =IFERROR(VLOOKUP(M8,Basilee24,14,FALSE),"") -> 5267317.1 | CI8: TOTAL: | CJ8: =SUM(CJ2:CJ7) -> 149 | CK8: =SUM(CK2:CK7) -> 121 | CL8: =SUM(CL3:CL7) -> 121 | CM8: =SUM(CM3:CM7) -> 140 | CN8: =SUM(CN3:CN7) -> 139 | CO8: =SUM(CO3:CO7) -> 139 | CP8: =SUM(CP3:CP7) -> 141 | CQ8: =SUM(CQ3:CQ7) -> 142 | CR8: =SUM(CR3:CR7) -> 143 | CS8: =SUM(CS3:CS7) -> 144 | ... CU8: =SUM(CU3:CU7) -> 149 | CV8: =SUM(CV2:CV7) -> 153 | CW8: =SUM(CW2:CW7) -> 149
A9: =VLOOKUP(M9,BASCART4,3,FALSE) -> 112014558 | B9: =IFERROR(VLOOKUP(M9,BASILECARTERA,2,FALSE),"") | C9: =IFERROR(VLOOKUP(B9,DES,2,FALSE),"") | D9: =IFERROR(VLOOKUP(B9,DES,3,FALSE),"") | E9: =IFERROR(VLOOKUP(B9,DES,4,FALSE),"") | F9: =VLOOKUP(M9,BASILECART2,2,FALSE) -> 10 | G9: =IFERROR(VLOOKUP(F9,DES,2,FALSE),"") -> 0.15 | H9: =IFERROR(VLOOKUP(F9,DES,3,FALSE),"") -> 0.23 | I9: =IFERROR(VLOOKUP(F9,DES,4,FALSE),"") -> 0 | J9: =VLOOKUP(M9,BASCART4,2,FALSE) -> 53 | K9: =IFERROR(VLOOKUP(J9,A458DC1025,2,FALSE),"") -> 0.15 | L9: =IFERROR(VLOOKUP(J9,A458DC1025,3,FALSE),"") -> 0.14 | M9: VETERINARIA SAN MARTIN SA | N9: =IFERROR(VLOOKUP(M9,Basilee24,3,FALSE),"") | O9: =(N9*1.601)*1.05 -> #VALUE! | P9: =R9-Q9 -> #VALUE! | Q9: =IFERROR(VLOOKUP(M9,BASALIM,3,FALSE),"") | R9: =IFERROR(VLOOKUP(M9,BASFC,3,FALSE),"") -> 0 | S9: =R9-O9 -> #VALUE! | T9: =R9/O9 -> #VALUE! | U9: =IFERROR(VLOOKUP(M9,Basilee24,4,FALSE),"") | V9: 3000000 | W9: =Y9-X9 -> #VALUE! | X9: =IFERROR(VLOOKUP(M9,BASALIM,4,FALSE),"") | Y9: =IFERROR(VLOOKUP(M9,BASFC,4,FALSE),"") -> 0 | Z9: =Y9-V9 -> -3000000 | AA9: =Y9/V9 -> 0 | AB9: =IFERROR(VLOOKUP(M9,Basilee24,5,FALSE),"") | AC9: 3000000 | AD9: =AF9-AE9 -> #VALUE! | AE9: =IFERROR(VLOOKUP(M9,BASALIM,5,FALSE),"") | AF9: =IFERROR(VLOOKUP(M9,BASFC,5,FALSE),"") -> 0 | AG9: =AF9-AC9 -> -3000000 | AH9: =AF9/AC9 -> 0 | AI9: =SUM(O9,V9,AC9) -> #VALUE! | AJ9: =IFERROR(VLOOKUP(M9,trim2024,2,FALSE),"0") -> 0 | AK9: =SUM(AE9,X9,Q9) -> 0 | AL9: =SUM(P9,W9,AD9) -> #VALUE! | AM9: =AF9+Y9+R9 -> 0 | AN9: =AM9-AJ9 -> 0 | AO9: =AM9/AJ9 -> #DIV/0! | AP9: =IFERROR(VLOOKUP(M9,Basilee24,6,FALSE),"") | AQ9: =AS9-AR9 -> #VALUE! | AR9: =IFERROR(VLOOKUP(M9,BASALIM,6,FALSE),"") | AS9: =IFERROR(VLOOKUP(M9,BASFC,6,FALSE),"") -> 0 | AT9: =IFERROR(VLOOKUP(M9,Basilee24,7,FALSE),"") | AU9: =AW9-AV9 -> #VALUE! | AV9: =IFERROR(VLOOKUP(M9,BASALIM,7,FALSE),"") | AW9: =IFERROR(VLOOKUP(M9,BASFC,7,FALSE),"") -> 0 | AX9: =IFERROR(VLOOKUP(M9,Basilee24,8,FALSE),"") | AY9: =BA9-AZ9 -> #VALUE! | AZ9: =IFERROR(VLOOKUP(M9,BASALIM,8,FALSE),"") | BA9: =IFERROR(VLOOKUP(M9,BASFC,8,FALSE),"") -> 0 | BB9: =BH9+AY9+AU9 -> #VALUE! | BC9: =BI9+AZ9+AV9 -> #VALUE! | BD9: =BJ9+BA9+AW9 -> 0 | BE9: =BB9+AL9 -> #VALUE! | BF9: =BC9+AK9 -> #VALUE! | BG9: =SUM(BD9+AM9) -> 0 | BH9: =BJ9-BI9 -> #VALUE! | BI9: =IFERROR(VLOOKUP(M9,BASALIM,9,FALSE),"") | BJ9: =IFERROR(VLOOKUP(M9,BASFC,9,FALSE),"") -> 0 | BK9: =IFERROR(VLOOKUP(M9,Basilee24,10,FALSE),"") | BL9: =BN9-BM9 -> #VALUE! | BM9: =IFERROR(VLOOKUP(M9,BASALIM,10,FALSE),"") | BN9: =IFERROR(VLOOKUP(M9,BASFC,10,FALSE),"") -> 0 | BO9: =IFERROR(VLOOKUP(M9,Basilee24,11,FALSE),"") | BP9: =BR9-BQ9 -> #VALUE! | BQ9: =IFERROR(VLOOKUP(M9,BASALIM,11,FALSE),"") | BR9: =IFERROR(VLOOKUP(M9,BASFC,11,FALSE),"") -> 2983892.7 | BS9: =BH9+BL9+BP9 -> #VALUE! | BT9: =SUM(BI9,BM9,BQ9) -> 0 | BU9: =SUM(BJ9,BN9,BR9) -> 2983892.7 | BV9: =IFERROR(VLOOKUP(M9,Basilee24,12,FALSE),"") | BW9: =BY9-BX9 -> #VALUE! | BX9: =IFERROR(VLOOKUP(M9,BASALIM,12,FALSE),"") | BY9: =IFERROR(VLOOKUP(M9,BASFC,12,FALSE),"") -> 1943258.6 | BZ9: =IFERROR(VLOOKUP(M9,Basilee24,13,FALSE),"") | CD9: =IFERROR(VLOOKUP(M9,Basilee24,14,FALSE),"")
A10: =VLOOKUP(M10,BASCART4,3,FALSE) -> 112012843 | B10: =IFERROR(VLOOKUP(M10,BASILECARTERA,2,FALSE),"") -> 12 | C10: =IFERROR(VLOOKUP(B10,DES,2,FALSE),"") -> 0.15 | D10: =IFERROR(VLOOKUP(B10,DES,3,FALSE),"") -> 0.09 | E10: =IFERROR(VLOOKUP(B10,DES,4,FALSE),"") -> 0 | F10: =VLOOKUP(M10,BASILECART2,2,FALSE) -> 12 | G10: =IFERROR(VLOOKUP(F10,DES,2,FALSE),"") -> 0.15 | H10: =IFERROR(VLOOKUP(F10,DES,3,FALSE),"") -> 0.09 | I10: =IFERROR(VLOOKUP(F10,DES,4,FALSE),"") -> 0 | J10: =VLOOKUP(M10,BASCART4,2,FALSE) -> 55 | K10: =IFERROR(VLOOKUP(J10,A458DC1025,2,FALSE),"") -> 0.15 | L10: =IFERROR(VLOOKUP(J10,A458DC1025,3,FALSE),"") -> 0.05 | M10: AGROMERCADO CENTRAL/BALANCEAD DEL MERC | N10: =IFERROR(VLOOKUP(M10,Basilee24,3,FALSE),"") -> 3108853.5 | O10: =(N10*1.601)*1.05 -> 5226138.1 | P10: =R10-Q10 -> 7196480.1 | Q10: =IFERROR(VLOOKUP(M10,BASALIM,3,FALSE),"") -> 0 | R10: =IFERROR(VLOOKUP(M10,BASFC,3,FALSE),"") -> 7196480.1 | S10: =R10-O10 -> 1970341.9 | T10: =R10/O10 -> 1.3770168 | U10: =IFERROR(VLOOKUP(M10,Basilee24,4,FALSE),"") -> 302700.1 | V10: 3000000 | W10: =Y10-X10 -> 12594299 | X10: =IFERROR(VLOOKUP(M10,BASALIM,4,FALSE),"") -> 153322.08 | Y10: =IFERROR(VLOOKUP(M10,BASFC,4,FALSE),"") -> 12747621 | Z10: =Y10-V10 -> 9747621.2 | AA10: =Y10/V10 -> 4.2492071 | AB10: =IFERROR(VLOOKUP(M10,Basilee24,5,FALSE),"") -> 0 | AC10: 3000000 | AD10: =AF10-AE10 -> 1305404.9 | AE10: =IFERROR(VLOOKUP(M10,BASALIM,5,FALSE),"") -> 0 | AF10: =IFERROR(VLOOKUP(M10,BASFC,5,FALSE),"") -> 1305404.9 | AG10: =AF10-AC10 -> -1694595.1 | AH10: =AF10/AC10 -> 0.43513497 | AI10: =SUM(O10,V10,AC10) -> 11226138 | AJ10: =IFERROR(VLOOKUP(M10,trim2024,2,FALSE),"0") -> 82418715 | AK10: =SUM(AE10,X10,Q10) -> 153322.08 | AL10: =SUM(P10,W10,AD10) -> 21096184 | AM10: =AF10+Y10+R10 -> 21249506 | AN10: =AM10-AJ10 -> -61169209 | AO10: =AM10/AJ10 -> 0.2578238 | AP10: =IFERROR(VLOOKUP(M10,Basilee24,6,FALSE),"") -> 7604676.4 | AQ10: =AS10-AR10 -> 0 | AR10: =IFERROR(VLOOKUP(M10,BASALIM,6,FALSE),"") -> 0 | AS10: =IFERROR(VLOOKUP(M10,BASFC,6,FALSE),"") -> 0 | AT10: =IFERROR(VLOOKUP(M10,Basilee24,7,FALSE),"") -> 58563252 | AU10: =AW10-AV10 -> 13078708 | AV10: =IFERROR(VLOOKUP(M10,BASALIM,7,FALSE),"") -> 0 | AW10: =IFERROR(VLOOKUP(M10,BASFC,7,FALSE),"") -> 13078708 | AX10: =IFERROR(VLOOKUP(M10,Basilee24,8,FALSE),"") -> 0 | AY10: =BA10-AZ10 -> 2988980.7 | AZ10: =IFERROR(VLOOKUP(M10,BASALIM,8,FALSE),"") -> 0 | BA10: =IFERROR(VLOOKUP(M10,BASFC,8,FALSE),"") -> 2988980.7 | BB10: =BH10+AY10+AU10 -> 16841486 | BC10: =BI10+AZ10+AV10 -> 0 | BD10: =BJ10+BA10+AW10 -> 16841486 | BE10: =BB10+AL10 -> 37937670 | BF10: =BC10+AK10 -> 153322.08 | BG10: =SUM(BD10+AM10) -> 38090992 | BH10: =BJ10-BI10 -> 773797.55 | BI10: =IFERROR(VLOOKUP(M10,BASALIM,9,FALSE),"") -> 0 | BJ10: =IFERROR(VLOOKUP(M10,BASFC,9,FALSE),"") -> 773797.55 | BK10: =IFERROR(VLOOKUP(M10,Basilee24,10,FALSE),"") -> 8667926 | BL10: =BN10-BM10 -> 3270032 | BM10: =IFERROR(VLOOKUP(M10,BASALIM,10,FALSE),"") -> 0 | BN10: =IFERROR(VLOOKUP(M10,BASFC,10,FALSE),"") -> 3270032 | BO10: =IFERROR(VLOOKUP(M10,Basilee24,11,FALSE),"") -> 3511697.7 | BP10: =BR10-BQ10 -> 1704569.4 | BQ10: =IFERROR(VLOOKUP(M10,BASALIM,11,FALSE),"") -> 0 | BR10: =IFERROR(VLOOKUP(M10,BASFC,11,FALSE),"") -> 1704569.4 | BS10: =BH10+BL10+BP10 -> 5748398.9 | BT10: =SUM(BI10,BM10,BQ10) -> 0 | BU10: =SUM(BJ10,BN10,BR10) -> 5748398.9 | BV10: =IFERROR(VLOOKUP(M10,Basilee24,12,FALSE),"") -> 10028174 | BW10: =BY10-BX10 -> 5869337.7 | BX10: =IFERROR(VLOOKUP(M10,BASALIM,12,FALSE),"") -> 0 | BY10: =IFERROR(VLOOKUP(M10,BASFC,12,FALSE),"") -> 5869337.7 | BZ10: =IFERROR(VLOOKUP(M10,Basilee24,13,FALSE),"") -> 40167348 | CD10: =IFERROR(VLOOKUP(M10,Basilee24,14,FALSE),"") -> 32223194
A11: =VLOOKUP(M11,BASCART4,3,FALSE) -> 112012311 | B11: =IFERROR(VLOOKUP(M11,BASILECARTERA,2,FALSE),"") -> 12 | C11: =IFERROR(VLOOKUP(B11,DES,2,FALSE),"") -> 0.15 | D11: =IFERROR(VLOOKUP(B11,DES,3,FALSE),"") -> 0.09 | E11: =IFERROR(VLOOKUP(B11,DES,4,FALSE),"") -> 0 | F11: =VLOOKUP(M11,BASILECART2,2,FALSE) -> 12 | G11: =IFERROR(VLOOKUP(F11,DES,2,FALSE),"") -> 0.15 | H11: =IFERROR(VLOOKUP(F11,DES,3,FALSE),"") -> 0.09 | I11: =IFERROR(VLOOKUP(F11,DES,4,FALSE),"") -> 0 | J11: =VLOOKUP(M11,BASCART4,2,FALSE) -> 55 | K11: =IFERROR(VLOOKUP(J11,A458DC1025,2,FALSE),"") -> 0.15 | L11: =IFERROR(VLOOKUP(J11,A458DC1025,3,FALSE),"") -> 0.05 | M11: ADROGUE JOSE/PEREYRA STELLA | N11: =IFERROR(VLOOKUP(M11,Basilee24,3,FALSE),"") -> 1407272.8 | O11: =(N11*1.601)*1.05 -> 2365695.9 | P11: =R11-Q11 -> 1907718.3 | Q11: =IFERROR(VLOOKUP(M11,BASALIM,3,FALSE),"") -> 0 | R11: =IFERROR(VLOOKUP(M11,BASFC,3,FALSE),"") -> 1907718.3 | S11: =R11-O11 -> -457977.61 | T11: =R11/O11 -> 0.80640892 | U11: =IFERROR(VLOOKUP(M11,Basilee24,4,FALSE),"") -> 834450.92 | V11: 3000000 | W11: =Y11-X11 -> 1840225.3 | X11: =IFERROR(VLOOKUP(M11,BASALIM,4,FALSE),"") -> 0 | Y11: =IFERROR(VLOOKUP(M11,BASFC,4,FALSE),"") -> 1840225.3 | Z11: =Y11-V11 -> -1159774.7 | AA11: =Y11/V11 -> 0.61340844 | AB11: =IFERROR(VLOOKUP(M11,Basilee24,5,FALSE),"") -> 1112505.4 | AC11: 3000000 | AD11: =AF11-AE11 -> 1672729.2 | AE11: =IFERROR(VLOOKUP(M11,BASALIM,5,FALSE),"") -> 0 | AF11: =IFERROR(VLOOKUP(M11,BASFC,5,FALSE),"") -> 1672729.2 | AG11: =AF11-AC11 -> -1327270.8 | AH11: =AF11/AC11 -> 0.55757641 | AI11: =SUM(O11,V11,AC11) -> 8365695.9 | AJ11: =IFERROR(VLOOKUP(M11,trim2024,2,FALSE),"0") -> 7115878.2 | AK11: =SUM(AE11,X11,Q11) -> 0 | AL11: =SUM(P11,W11,AD11) -> 5420672.8 | AM11: =AF11+Y11+R11 -> 5420672.8 | AN11: =AM11-AJ11 -> -1695205.4 | AO11: =AM11/AJ11 -> 0.76177144 | AP11: =IFERROR(VLOOKUP(M11,Basilee24,6,FALSE),"") -> 948238.82 | AQ11: =AS11-AR11 -> 1725528.7 | AR11: =IFERROR(VLOOKUP(M11,BASALIM,6,FALSE),"") -> 0 | AS11: =IFERROR(VLOOKUP(M11,BASFC,6,FALSE),"") -> 1725528.7 | AT11: =IFERROR(VLOOKUP(M11,Basilee24,7,FALSE),"") -> 1084593.3 | AU11: =AW11-AV11 -> 1827395.1 | AV11: =IFERROR(VLOOKUP(M11,BASALIM,7,FALSE),"") -> 0 | AW11: =IFERROR(VLOOKUP(M11,BASFC,7,FALSE),"") -> 1827395.1 | AX11: =IFERROR(VLOOKUP(M11,Basilee24,8,FALSE),"") -> 1218462.3 | AY11: =BA11-AZ11 -> 2093150.1 | AZ11: =IFERROR(VLOOKUP(M11,BASALIM,8,FALSE),"") -> 0 | BA11: =IFERROR(VLOOKUP(M11,BASFC,8,FALSE),"") -> 2093150.1 | BB11: =BH11+AY11+AU11 -> 4768682 | BC11: =BI11+AZ11+AV11 -> 6388.42 | BD11: =BJ11+BA11+AW11 -> 4775070.4 | BE11: =BB11+AL11 -> 10189355 | BF11: =BC11+AK11 -> 6388.42 | BG11: =SUM(BD11+AM11) -> 10195743 | BH11: =BJ11-BI11 -> 848136.73 | BI11: =IFERROR(VLOOKUP(M11,BASALIM,9,FALSE),"") -> 6388.42 | BJ11: =IFERROR(VLOOKUP(M11,BASFC,9,FALSE),"") -> 854525.15 | BK11: =IFERROR(VLOOKUP(M11,Basilee24,10,FALSE),"") -> 1561418.6 | BL11: =BN11-BM11 -> 2426548.5 | BM11: =IFERROR(VLOOKUP(M11,BASALIM,10,FALSE),"") -> 0 | BN11: =IFERROR(VLOOKUP(M11,BASFC,10,FALSE),"") -> 2426548.5 | BO11: =IFERROR(VLOOKUP(M11,Basilee24,11,FALSE),"") -> 1740717.5 | BP11: =BR11-BQ11 -> 1321466.4 | BQ11: =IFERROR(VLOOKUP(M11,BASALIM,11,FALSE),"") -> 0 | BR11: =IFERROR(VLOOKUP(M11,BASFC,11,FALSE),"") -> 1321466.4 | BS11: =BH11+BL11+BP11 -> 4596151.6 | BT11: =SUM(BI11,BM11,BQ11) -> 6388.42 | BU11: =SUM(BJ11,BN11,BR11) -> 4602540 | BV11: =IFERROR(VLOOKUP(M11,Basilee24,12,FALSE),"") -> 2391441 | BW11: =BY11-BX11 -> 3245674.1 | BX11: =IFERROR(VLOOKUP(M11,BASALIM,12,FALSE),"") -> 0 | BY11: =IFERROR(VLOOKUP(M11,BASFC,12,FALSE),"") -> 3245674.1 | BZ11: =IFERROR(VLOOKUP(M11,Basilee24,13,FALSE),"") -> 2092798.6 | CD11: =IFERROR(VLOOKUP(M11,Basilee24,14,FALSE),"") -> 2631638.7
A12: =VLOOKUP(M12,BASCART4,3,FALSE) -> 112014719 | B12: =IFERROR(VLOOKUP(M12,BASILECARTERA,2,FALSE),"") -> 10 | C12: =IFERROR(VLOOKUP(B12,DES,2,FALSE),"") -> 0.15 | D12: =IFERROR(VLOOKUP(B12,DES,3,FALSE),"") -> 0.23 | E12: =IFERROR(VLOOKUP(B12,DES,4,FALSE),"") -> 0 | F12: =VLOOKUP(M12,BASILECART2,2,FALSE) -> 10 | G12: =IFERROR(VLOOKUP(F12,DES,2,FALSE),"") -> 0.15 | H12: =IFERROR(VLOOKUP(F12,DES,3,FALSE),"") -> 0.23 | I12: =IFERROR(VLOOKUP(F12,DES,4,FALSE),"") -> 0 | J12: =VLOOKUP(M12,BASCART4,2,FALSE) -> 53 | K12: =IFERROR(VLOOKUP(J12,A458DC1025,2,FALSE),"") -> 0.15 | L12: =IFERROR(VLOOKUP(J12,A458DC1025,3,FALSE),"") -> 0.14 | M12: OLIVERI JORGE LUIS | N12: =IFERROR(VLOOKUP(M12,Basilee24,3,FALSE),"") | P12: =R12-Q12 -> #VALUE! | Q12: =IFERROR(VLOOKUP(M12,BASALIM,3,FALSE),"") | R12: =IFERROR(VLOOKUP(M12,BASFC,3,FALSE),"") -> 0 | S12: =R12-O12 -> 0 | T12: =R12/O12 -> #DIV/0! | U12: =IFERROR(VLOOKUP(M12,Basilee24,4,FALSE),"") | W12: =Y12-X12 -> #VALUE! | X12: =IFERROR(VLOOKUP(M12,BASALIM,4,FALSE),"") | Y12: =IFERROR(VLOOKUP(M12,BASFC,4,FALSE),"") -> 0 | Z12: =Y12-V12 -> 0 | AA12: =IFERROR(Y12/V12,"") | AB12: =IFERROR(VLOOKUP(M12,Basilee24,5,FALSE),"") | AD12: =AF12-AE12 -> #VALUE! | AE12: =IFERROR(VLOOKUP(M12,BASALIM,5,FALSE),"") | AF12: =IFERROR(VLOOKUP(M12,BASFC,5,FALSE),"") -> 0 | AG12: =AF12-AC12 -> 0 | AH12: =IFERROR(AF12/AC12,"") | AJ12: =IFERROR(VLOOKUP(M12,trim2024,2,FALSE),"0") -> 0 | AK12: =SUM(AE12,X12,Q12) -> 0 | AL12: =SUM(P12,W12,AD12) -> #VALUE! | AM12: =AF12+Y12+R12 -> 0 | AN12: =AM12-AJ12 -> 0 | AO12: =AM12/AJ12 -> #DIV/0! | AP12: =IFERROR(VLOOKUP(M12,Basilee24,6,FALSE),"") | AQ12: =AS12-AR12 -> #VALUE! | AR12: =IFERROR(VLOOKUP(M12,BASALIM,6,FALSE),"") | AS12: =IFERROR(VLOOKUP(M12,BASFC,6,FALSE),"") -> 0 | AT12: =IFERROR(VLOOKUP(M12,Basilee24,7,FALSE),"") | AU12: =AW12-AV12 -> #VALUE! | AV12: =IFERROR(VLOOKUP(M12,BASALIM,7,FALSE),"") | AW12: =IFERROR(VLOOKUP(M12,BASFC,7,FALSE),"") -> 0 | AX12: =IFERROR(VLOOKUP(M12,Basilee24,8,FALSE),"") | AY12: =BA12-AZ12 -> #VALUE! | AZ12: =IFERROR(VLOOKUP(M12,BASALIM,8,FALSE),"") | BA12: =IFERROR(VLOOKUP(M12,BASFC,8,FALSE),"") -> 0 | BB12: =BH12+AY12+AU12 -> #VALUE! | BC12: =BI12+AZ12+AV12 -> #VALUE! | BD12: =BJ12+BA12+AW12 -> 0 | BE12: =BB12+AL12 -> #VALUE! | BF12: =BC12+AK12 -> #VALUE! | BG12: =SUM(BD12+AM12) -> 0 | BH12: =BJ12-BI12 -> #VALUE! | BI12: =IFERROR(VLOOKUP(M12,BASALIM,9,FALSE),"") | BJ12: =IFERROR(VLOOKUP(M12,BASFC,9,FALSE),"") -> 0 | BK12: =IFERROR(VLOOKUP(M12,Basilee24,10,FALSE),"") | BL12: =BN12-BM12 -> #VALUE! | BM12: =IFERROR(VLOOKUP(M12,BASALIM,10,FALSE),"") | BN12: =IFERROR(VLOOKUP(M12,BASFC,10,FALSE),"") -> 9547806.5 | BO12: =IFERROR(VLOOKUP(M12,Basilee24,11,FALSE),"") | BP12: =BR12-BQ12 -> #VALUE! | BQ12: =IFERROR(VLOOKUP(M12,BASALIM,11,FALSE),"") | BR12: =IFERROR(VLOOKUP(M12,BASFC,11,FALSE),"") -> 10035380 | BS12: =BH12+BL12+BP12 -> #VALUE! | BT12: =SUM(BI12,BM12,BQ12) -> 0 | BU12: =SUM(BJ12,BN12,BR12) -> 19583186 | BV12: =IFERROR(VLOOKUP(M12,Basilee24,12,FALSE),"") | BW12: =BY12-BX12 -> #VALUE! | BX12: =IFERROR(VLOOKUP(M12,BASALIM,12,FALSE),"") | BY12: =IFERROR(VLOOKUP(M12,BASFC,12,FALSE),"") -> 9323823.7 | BZ12: =IFERROR(VLOOKUP(M12,Basilee24,13,FALSE),"") | CD12: =IFERROR(VLOOKUP(M12,Basilee24,14,FALSE),"")
A13: =VLOOKUP(M13,BASCART4,3,FALSE) -> 112014774 | B13: =IFERROR(VLOOKUP(M13,BASILECARTERA,2,FALSE),"") | C13: =IFERROR(VLOOKUP(B13,DES,2,FALSE),"") | D13: =IFERROR(VLOOKUP(B13,DES,3,FALSE),"") | E13: =IFERROR(VLOOKUP(B13,DES,4,FALSE),"") | F13: =IFERROR(VLOOKUP(M13,BASILECART2,2,FALSE),"") | G13: =IFERROR(VLOOKUP(F13,DES,2,FALSE),"") | H13: =IFERROR(VLOOKUP(F13,DES,3,FALSE),"") | I13: =IFERROR(VLOOKUP(F13,DES,4,FALSE),"") | J13: =VLOOKUP(M13,BASCART4,2,FALSE) -> 62 | K13: =IFERROR(VLOOKUP(J13,A458DC1025,2,FALSE),"") -> 0.1 | L13: =IFERROR(VLOOKUP(J13,A458DC1025,3,FALSE),"") -> 0.11 | M13: MARCHINI RAMIRO | N13: =IFERROR(VLOOKUP(M13,Basilee24,3,FALSE),"") | O13: =(N13*1.601)*1.05 -> #VALUE! | P13: =R13-Q13 -> #VALUE! | Q13: =IFERROR(VLOOKUP(M13,BASALIM,3,FALSE),"") | R13: =IFERROR(VLOOKUP(M13,BASFC,3,FALSE),"") | S13: =R13-O13 -> #VALUE! | T13: =R13/O13 -> #VALUE! | U13: =IFERROR(VLOOKUP(M13,Basilee24,4,FALSE),"") | V13: 3000000 | W13: =Y13-X13 -> #VALUE! | X13: =IFERROR(VLOOKUP(M13,BASALIM,4,FALSE),"") | Y13: =IFERROR(VLOOKUP(M13,BASFC,4,FALSE),"") | Z13: =Y13-V13 -> #VALUE! | AA13: =Y13/V13 -> #VALUE! | AB13: =IFERROR(VLOOKUP(M13,Basilee24,5,FALSE),"") | AC13: 3000000 | AD13: =AF13-AE13 -> #VALUE! | AE13: =IFERROR(VLOOKUP(M13,BASALIM,5,FALSE),"") | AF13: =IFERROR(VLOOKUP(M13,BASFC,5,FALSE),"") | AG13: =AF13-AC13 -> #VALUE! | AH13: =AF13/AC13 -> #VALUE! | AI13: =SUM(O13,V13,AC13) -> #VALUE! | AJ13: =IFERROR(VLOOKUP(M13,trim2024,2,FALSE),"0") -> 0 | AK13: =SUM(AE13,X13,Q13) -> 0 | AL13: =SUM(P13,W13,AD13) -> #VALUE! | AM13: =AF13+Y13+R13 -> #VALUE! | AN13: =AM13-AJ13 -> #VALUE! | AO13: =AM13/AJ13 -> #VALUE! | AP13: =IFERROR(VLOOKUP(M13,Basilee24,6,FALSE),"") | AQ13: =AS13-AR13 -> #VALUE! | AR13: =IFERROR(VLOOKUP(M13,BASALIM,6,FALSE),"") | AS13: =IFERROR(VLOOKUP(M13,BASFC,6,FALSE),"") | AT13: =IFERROR(VLOOKUP(M13,Basilee24,7,FALSE),"") | AU13: =AW13-AV13 -> #VALUE! | AV13: =IFERROR(VLOOKUP(M13,BASALIM,7,FALSE),"") | AW13: =IFERROR(VLOOKUP(M13,BASFC,7,FALSE),"") | AX13: =IFERROR(VLOOKUP(M13,Basilee24,8,FALSE),"") | AY13: =BA13-AZ13 -> #VALUE! | AZ13: =IFERROR(VLOOKUP(M13,BASALIM,8,FALSE),"") | BA13: =IFERROR(VLOOKUP(M13,BASFC,8,FALSE),"") | BB13: =BH13+AY13+AU13 -> #VALUE! | BC13: =BI13+AZ13+AV13 -> #VALUE! | BD13: =BJ13+BA13+AW13 -> #VALUE! | BE13: =BB13+AL13 -> #VALUE! | BF13: =BC13+AK13 -> #VALUE! | BG13: =SUM(BD13+AM13) -> #VALUE! | BH13: =BJ13-BI13 -> #VALUE! | BI13: =IFERROR(VLOOKUP(M13,BASALIM,9,FALSE),"") | BJ13: =IFERROR(VLOOKUP(M13,BASFC,9,FALSE),"") | BK13: =IFERROR(VLOOKUP(M13,Basilee24,10,FALSE),"") | BL13: =BN13-BM13 -> #VALUE! | BM13: =IFERROR(VLOOKUP(M13,BASALIM,10,FALSE),"") | BN13: =IFERROR(VLOOKUP(M13,BASFC,10,FALSE),"") | BO13: =IFERROR(VLOOKUP(M13,Basilee24,11,FALSE),"") | BP13: =BR13-BQ13 -> #VALUE! | BQ13: =IFERROR(VLOOKUP(M13,BASALIM,11,FALSE),"") | BR13: =IFERROR(VLOOKUP(M13,BASFC,11,FALSE),"") | BS13: =BH13+BL13+BP13 -> #VALUE! | BT13: =SUM(BI13,BM13,BQ13) -> 0 | BU13: =SUM(BJ13,BN13,BR13) -> 0 | BV13: =IFERROR(VLOOKUP(M13,Basilee24,12,FALSE),"") | BW13: =BY13-BX13 -> #VALUE! | BX13: =IFERROR(VLOOKUP(M13,BASALIM,12,FALSE),"") | BY13: =IFERROR(VLOOKUP(M13,BASFC,12,FALSE),"") | BZ13: =IFERROR(VLOOKUP(M13,Basilee24,13,FALSE),"") | CD13: =IFERROR(VLOOKUP(M13,Basilee24,14,FALSE),"")
A14: =VLOOKUP(M14,BASCART4,3,FALSE) -> 112014270 | B14: =IFERROR(VLOOKUP(M14,BASILECARTERA,2,FALSE),"") -> 10 | C14: =IFERROR(VLOOKUP(B14,DES,2,FALSE),"") -> 0.15 | D14: =IFERROR(VLOOKUP(B14,DES,3,FALSE),"") -> 0.23 | E14: =IFERROR(VLOOKUP(B14,DES,4,FALSE),"") -> 0 | F14: =IFERROR(VLOOKUP(M14,BASILECART2,2,FALSE),"") -> 31 | G14: =IFERROR(VLOOKUP(F14,DES,2,FALSE),"") -> 0.1 | H14: =IFERROR(VLOOKUP(F14,DES,3,FALSE),"") -> 0.23 | I14: =IFERROR(VLOOKUP(F14,DES,4,FALSE),"") -> 0 | J14: =VLOOKUP(M14,BASCART4,2,FALSE) -> 61 | K14: =IFERROR(VLOOKUP(J14,A458DC1025,2,FALSE),"") -> 0.1 | L14: =IFERROR(VLOOKUP(J14,A458DC1025,3,FALSE),"") -> 0.14 | M14: EL GRAN CHEF/MAZZANTI/UNSWORTH/ LALOTTA | N14: =IFERROR(VLOOKUP(M14,Basilee24,3,FALSE),"") -> 2301571.2 | O14: =(N14*1.601)*1.05 -> 3869056.3 | P14: =R14-Q14 -> 283617.12 | Q14: =IFERROR(VLOOKUP(M14,BASALIM,3,FALSE),"") -> 3255976.6 | R14: =IFERROR(VLOOKUP(M14,BASFC,3,FALSE),"") -> 3539593.7 | S14: =R14-O14 -> -329462.58 | T14: =R14/O14 -> 0.91484679 | U14: =IFERROR(VLOOKUP(M14,Basilee24,4,FALSE),"") -> 2242152.6 | V14: =U14*1.7245 -> 3866592.2 | W14: =Y14-X14 -> 3647981.9 | X14: =IFERROR(VLOOKUP(M14,BASALIM,4,FALSE),"") -> 4924669.1 | Y14: =IFERROR(VLOOKUP(M14,BASFC,4,FALSE),"") -> 8572651.1 | Z14: =Y14-V14 -> 4706058.9 | AA14: =Y14/V14 -> 2.2171076 | AB14: =IFERROR(VLOOKUP(M14,Basilee24,5,FALSE),"") -> 2042682.8 | AC14: =(AB14*1.5955)*1.03 -> 3356873.4 | AD14: =AF14-AE14 -> 0 | AE14: =IFERROR(VLOOKUP(M14,BASALIM,5,FALSE),"") -> 3345432 | AF14: =IFERROR(VLOOKUP(M14,BASFC,5,FALSE),"") -> 3345432 | AG14: =AF14-AC14 -> -11441.384 | AH14: =AF14/AC14 -> 0.99659165 | AI14: =SUM(O14,V14,AC14) -> 11092522 | AJ14: =IFERROR(VLOOKUP(M14,trim2024,2,FALSE),"0") -> 6455394.8 | AK14: =SUM(AE14,X14,Q14) -> 11526078 | AL14: =SUM(P14,W14,AD14) -> 3931599.1 | AM14: =AF14+Y14+R14 -> 15457677 | AN14: =AM14-AJ14 -> 9002281.9 | AO14: =AM14/AJ14 -> 2.3945362 | AP14: =IFERROR(VLOOKUP(M14,Basilee24,6,FALSE),"") -> 1429559.7 | AQ14: =AS14-AR14 -> 660116.6 | AR14: =IFERROR(VLOOKUP(M14,BASALIM,6,FALSE),"") -> 2819252.4 | AS14: =IFERROR(VLOOKUP(M14,BASFC,6,FALSE),"") -> 3479369 | AT14: =IFERROR(VLOOKUP(M14,Basilee24,7,FALSE),"") -> 2040779.7 | AU14: =AW14-AV14 -> 0 | AV14: =IFERROR(VLOOKUP(M14,BASALIM,7,FALSE),"") -> 3715085.5 | AW14: =IFERROR(VLOOKUP(M14,BASFC,7,FALSE),"") -> 3715085.5 | AX14: =IFERROR(VLOOKUP(M14,Basilee24,8,FALSE),"") -> 1216559.3 | AY14: =BA14-AZ14 -> 241728.27 | AZ14: =IFERROR(VLOOKUP(M14,BASALIM,8,FALSE),"") -> 1793149.1 | BA14: =IFERROR(VLOOKUP(M14,BASFC,8,FALSE),"") -> 2034877.4 | BB14: =BH14+AY14+AU14 -> 241728.27 | BC14: =BI14+AZ14+AV14 -> 12554787 | BD14: =BJ14+BA14+AW14 -> 12796516 | BE14: =BB14+AL14 -> 4173327.3 | BF14: =BC14+AK14 -> 24080865 | BG14: =SUM(BD14+AM14) -> 28254192 | BH14: =BJ14-BI14 -> 0 | BI14: =IFERROR(VLOOKUP(M14,BASALIM,9,FALSE),"") -> 7046552.7 | BJ14: =IFERROR(VLOOKUP(M14,BASFC,9,FALSE),"") -> 7046552.7 | BK14: =IFERROR(VLOOKUP(M14,Basilee24,10,FALSE),"") -> 4471137.7 | BL14: =BN14-BM14 -> 0 | BM14: =IFERROR(VLOOKUP(M14,BASALIM,10,FALSE),"") -> 5536190.1 | BN14: =IFERROR(VLOOKUP(M14,BASFC,10,FALSE),"") -> 5536190.1 | BO14: =IFERROR(VLOOKUP(M14,Basilee24,11,FALSE),"") -> 1436000.4 | BP14: =BR14-BQ14 -> 0 | BQ14: =IFERROR(VLOOKUP(M14,BASALIM,11,FALSE),"") -> 3549071.8 | BR14: =IFERROR(VLOOKUP(M14,BASFC,11,FALSE),"") -> 3549071.8 | BS14: =BH14+BL14+BP14 -> 0 | BT14: =SUM(BI14,BM14,BQ14) -> 16131815 | BU14: =SUM(BJ14,BN14,BR14) -> 16131815 | BV14: =IFERROR(VLOOKUP(M14,Basilee24,12,FALSE),"") -> 2198564.3 | BW14: =BY14-BX14 -> 7559.92 | BX14: =IFERROR(VLOOKUP(M14,BASALIM,12,FALSE),"") -> 4187832.4 | BY14: =IFERROR(VLOOKUP(M14,BASFC,12,FALSE),"") -> 4195392.3 | BZ14: =IFERROR(VLOOKUP(M14,Basilee24,13,FALSE),"") -> 1800247.2 | CD14: =IFERROR(VLOOKUP(M14,Basilee24,14,FALSE),"") -> 2456583.4
A15: =VLOOKUP(M15,BASCART4,3,FALSE) -> 112014628 | B15: =IFERROR(VLOOKUP(M15,BASILECARTERA,2,FALSE),"") -> 31 | C15: =IFERROR(VLOOKUP(B15,DES,2,FALSE),"") -> 0.1 | D15: =IFERROR(VLOOKUP(B15,DES,3,FALSE),"") -> 0.23 | E15: =IFERROR(VLOOKUP(B15,DES,4,FALSE),"") -> 0 | F15: =IFERROR(VLOOKUP(M15,BASILECART2,2,FALSE),"") -> 31 | G15: =IFERROR(VLOOKUP(F15,DES,2,FALSE),"") -> 0.1 | H15: =IFERROR(VLOOKUP(F15,DES,3,FALSE),"") -> 0.23 | I15: =IFERROR(VLOOKUP(F15,DES,4,FALSE),"") -> 0 | J15: =VLOOKUP(M15,BASCART4,2,FALSE) -> 61 | K15: =IFERROR(VLOOKUP(J15,A458DC1025,2,FALSE),"") -> 0.1 | L15: =IFERROR(VLOOKUP(J15,A458DC1025,3,FALSE),"") -> 0.14 | M15: FLORENCIA BEHRENS/EMILIANO QUINTEROS | N15: =IFERROR(VLOOKUP(M15,Basilee24,3,FALSE),"") | P15: =R15-Q15 -> #VALUE! | Q15: =IFERROR(VLOOKUP(M15,BASALIM,3,FALSE),"") | R15: =IFERROR(VLOOKUP(M15,BASFC,3,FALSE),"") -> 404473.08 | S15: =R15-O15 -> 404473.08 | T15: =R15/O15 -> #DIV/0! | U15: =IFERROR(VLOOKUP(M15,Basilee24,4,FALSE),"") | W15: =Y15-X15 -> #VALUE! | X15: =IFERROR(VLOOKUP(M15,BASALIM,4,FALSE),"") | Y15: =IFERROR(VLOOKUP(M15,BASFC,4,FALSE),"") -> 2078461.9 | Z15: =Y15-V15 -> 2078461.9 | AA15: =IFERROR(Y15/V15,"") | AB15: =IFERROR(VLOOKUP(M15,Basilee24,5,FALSE),"") | AC15: 600000 | AD15: =AF15-AE15 -> #VALUE! | AE15: =IFERROR(VLOOKUP(M15,BASALIM,5,FALSE),"") | AF15: =IFERROR(VLOOKUP(M15,BASFC,5,FALSE),"") -> 2424631.2 | AG15: =AF15-AC15 -> 1824631.2 | AH15: =IFERROR(AF15/AC15,"") -> 4.041052 | AI15: =SUM(O15,V15,AC15) -> 600000 | AJ15: =IFERROR(VLOOKUP(M15,trim2024,2,FALSE),"0") -> 2473307.5 | AK15: =SUM(AE15,X15,Q15) -> 0 | AL15: =SUM(P15,W15,AD15) -> #VALUE! | AM15: =AF15+Y15+R15 -> 4907566.2 | AN15: =AM15-AJ15 -> 2434258.6 | AO15: =AM15/AJ15 -> 1.9842119 | AP15: =IFERROR(VLOOKUP(M15,Basilee24,6,FALSE),"") | AQ15: =AS15-AR15 -> #VALUE! | AR15: =IFERROR(VLOOKUP(M15,BASALIM,6,FALSE),"") | AS15: =IFERROR(VLOOKUP(M15,BASFC,6,FALSE),"") -> 1790094.5 | AT15: =IFERROR(VLOOKUP(M15,Basilee24,7,FALSE),"") | AU15: =AW15-AV15 -> #VALUE! | AV15: =IFERROR(VLOOKUP(M15,BASALIM,7,FALSE),"") | AW15: =IFERROR(VLOOKUP(M15,BASFC,7,FALSE),"") -> 1561155.2 | AX15: =IFERROR(VLOOKUP(M15,Basilee24,8,FALSE),"") | AY15: =BA15-AZ15 -> #VALUE! | AZ15: =IFERROR(VLOOKUP(M15,BASALIM,8,FALSE),"") | BA15: =IFERROR(VLOOKUP(M15,BASFC,8,FALSE),"") -> 1219328.2 | BB15: =BH15+AY15+AU15 -> #VALUE! | BC15: =BI15+AZ15+AV15 -> #VALUE! | BD15: =BJ15+BA15+AW15 -> 3500929 | BE15: =BB15+AL15 -> #VALUE! | BF15: =BC15+AK15 -> #VALUE! | BG15: =SUM(BD15+AM15) -> 8408495.2 | BH15: =BJ15-BI15 -> #VALUE! | BI15: =IFERROR(VLOOKUP(M15,BASALIM,9,FALSE),"") | BJ15: =IFERROR(VLOOKUP(M15,BASFC,9,FALSE),"") -> 720445.51 | BK15: =IFERROR(VLOOKUP(M15,Basilee24,10,FALSE),"") | BL15: =BN15-BM15 -> #VALUE! | BM15: =IFERROR(VLOOKUP(M15,BASALIM,10,FALSE),"") | BN15: =IFERROR(VLOOKUP(M15,BASFC,10,FALSE),"") -> 631748.06 | BO15: =IFERROR(VLOOKUP(M15,Basilee24,11,FALSE),"") | BP15: =BR15-BQ15 -> #VALUE! | BQ15: =IFERROR(VLOOKUP(M15,BASALIM,11,FALSE),"") | BR15: =IFERROR(VLOOKUP(M15,BASFC,11,FALSE),"") -> 2903013.3 | BS15: =BH15+BL15+BP15 -> #VALUE! | BT15: =SUM(BI15,BM15,BQ15) -> 0 | BU15: =SUM(BJ15,BN15,BR15) -> 4255206.8 | BV15: =IFERROR(VLOOKUP(M15,Basilee24,12,FALSE),"") | BW15: =BY15-BX15 -> #VALUE! | BX15: =IFERROR(VLOOKUP(M15,BASALIM,12,FALSE),"") | BY15: =IFERROR(VLOOKUP(M15,BASFC,12,FALSE),"") -> 5264118.7 | BZ15: =IFERROR(VLOOKUP(M15,Basilee24,13,FALSE),"") | CD15: =IFERROR(VLOOKUP(M15,Basilee24,14,FALSE),"") | CI15: ENERO, FEBRERO, MARZO CERRADO
A16: =VLOOKUP(M16,BASCART4,3,FALSE) -> 112012345 | B16: =IFERROR(VLOOKUP(M16,BASILECARTERA,2,FALSE),"") -> 7 | C16: =IFERROR(VLOOKUP(B16,DES,2,FALSE),"") -> 0.1 | D16: =IFERROR(VLOOKUP(B16,DES,3,FALSE),"") -> 0.2 | E16: =IFERROR(VLOOKUP(B16,DES,4,FALSE),"") -> 0 | F16: =IFERROR(VLOOKUP(M16,BASILECART2,2,FALSE),"") -> 7 | G16: =IFERROR(VLOOKUP(F16,DES,2,FALSE),"") -> 0.1 | H16: =IFERROR(VLOOKUP(F16,DES,3,FALSE),"") -> 0.2 | I16: =IFERROR(VLOOKUP(F16,DES,4,FALSE),"") -> 0 | J16: =VLOOKUP(M16,BASCART4,2,FALSE) -> 62 | K16: =IFERROR(VLOOKUP(J16,A458DC1025,2,FALSE),"") -> 0.1 | L16: =IFERROR(VLOOKUP(J16,A458DC1025,3,FALSE),"") -> 0.11 | M16: ALLUE ALEJANDRA MARIANA | N16: =IFERROR(VLOOKUP(M16,Basilee24,3,FALSE),"") -> 0 | O16: =(N16*1.601)*1.05 -> 0 | P16: =R16-Q16 -> 0 | Q16: =IFERROR(VLOOKUP(M16,BASALIM,3,FALSE),"") -> 0 | R16: =IFERROR(VLOOKUP(M16,BASFC,3,FALSE),"") -> 0 | S16: =R16-O16 -> 0 | T16: =R16/O16 -> #DIV/0! | U16: =IFERROR(VLOOKUP(M16,Basilee24,4,FALSE),"") -> 0 | V16: =U16*1.7245 -> 0 | W16: =Y16-X16 -> 118484.04 | X16: =IFERROR(VLOOKUP(M16,BASALIM,4,FALSE),"") -> 0 | Y16: =IFERROR(VLOOKUP(M16,BASFC,4,FALSE),"") -> 118484.04 | Z16: =Y16-V16 -> 118484.04 | AA16: =Y16/V16 -> #DIV/0! | AB16: =IFERROR(VLOOKUP(M16,Basilee24,5,FALSE),"") -> 30978 | AC16: =(AB16*1.5955)*1.03 -> 50908.161 | AD16: =AF16-AE16 -> 0 | AE16: =IFERROR(VLOOKUP(M16,BASALIM,5,FALSE),"") -> 0 | AF16: =IFERROR(VLOOKUP(M16,BASFC,5,FALSE),"") -> 0 | AG16: =AF16-AC16 -> -50908.161 | AH16: =IFERROR(AF16/AC16,"") -> 0 | AI16: =SUM(O16,V16,AC16) -> 50908.161 | AJ16: =IFERROR(VLOOKUP(M16,trim2024,2,FALSE),"0") -> 0 | AK16: =SUM(AE16,X16,Q16) -> 0 | AL16: =SUM(P16,W16,AD16) -> 118484.04 | AM16: =AF16+Y16+R16 -> 118484.04 | AN16: =AM16-AJ16 -> 118484.04 | AO16: =AM16/AJ16 -> #DIV/0! | AP16: =IFERROR(VLOOKUP(M16,Basilee24,6,FALSE),"") -> 0 | AQ16: =AS16-AR16 -> 0 | AR16: =IFERROR(VLOOKUP(M16,BASALIM,6,FALSE),"") -> 0 | AS16: =IFERROR(VLOOKUP(M16,BASFC,6,FALSE),"") -> 0 | AT16: =IFERROR(VLOOKUP(M16,Basilee24,7,FALSE),"") -> 0 | AU16: =AW16-AV16 -> 137728.64 | AV16: =IFERROR(VLOOKUP(M16,BASALIM,7,FALSE),"") -> 0 | AW16: =IFERROR(VLOOKUP(M16,BASFC,7,FALSE),"") -> 137728.64 | AX16: =IFERROR(VLOOKUP(M16,Basilee24,8,FALSE),"") -> 0 | AY16: =BA16-AZ16 -> 389603.45 | AZ16: =IFERROR(VLOOKUP(M16,BASALIM,8,FALSE),"") -> 48875.7 | BA16: =IFERROR(VLOOKUP(M16,BASFC,8,FALSE),"") -> 438479.15 | BB16: =BH16+AY16+AU16 -> 1770563.4 | BC16: =BI16+AZ16+AV16 -> 117562.8 | BD16: =BJ16+BA16+AW16 -> 1888126.2 | BE16: =BB16+AL16 -> 1889047.5 | BF16: =BC16+AK16 -> 117562.8 | BG16: =SUM(BD16+AM16) -> 2006610.3 | BH16: =BJ16-BI16 -> 1243231.3 | BI16: =IFERROR(VLOOKUP(M16,BASALIM,9,FALSE),"") -> 68687.1 | BJ16: =IFERROR(VLOOKUP(M16,BASFC,9,FALSE),"") -> 1311918.4 | BK16: =IFERROR(VLOOKUP(M16,Basilee24,10,FALSE),"") -> 0 | BL16: =BN16-BM16 -> 720367.25 | BM16: =IFERROR(VLOOKUP(M16,BASALIM,10,FALSE),"") -> 106479.58 | BN16: =IFERROR(VLOOKUP(M16,BASFC,10,FALSE),"") -> 826846.83 | BO16: =IFERROR(VLOOKUP(M16,Basilee24,11,FALSE),"") -> 0 | BP16: =BR16-BQ16 -> 737395.63 | BQ16: =IFERROR(VLOOKUP(M16,BASALIM,11,FALSE),"") -> 20917.52 | BR16: =IFERROR(VLOOKUP(M16,BASFC,11,FALSE),"") -> 758313.15 | BS16: =BH16+BL16+BP16 -> 2700994.2 | BT16: =SUM(BI16,BM16,BQ16) -> 196084.2 | BU16: =SUM(BJ16,BN16,BR16) -> 2897078.4 | BV16: =IFERROR(VLOOKUP(M16,Basilee24,12,FALSE),"") -> 0 | BW16: =BY16-BX16 -> 845066.29 | BX16: =IFERROR(VLOOKUP(M16,BASALIM,12,FALSE),"") -> 0 | BY16: =IFERROR(VLOOKUP(M16,BASFC,12,FALSE),"") -> 845066.29 | BZ16: =IFERROR(VLOOKUP(M16,Basilee24,13,FALSE),"") -> 0 | CD16: =IFERROR(VLOOKUP(M16,Basilee24,14,FALSE),"") -> 0 | CI16: TRIMESTRE ENE-MAR CERRADO
A17: =VLOOKUP(M17,BASCART4,3,FALSE) -> 112014704 | B17: =IFERROR(VLOOKUP(M17,BASILECARTERA,2,FALSE),"") -> 7 | C17: =IFERROR(VLOOKUP(B17,DES,2,FALSE),"") -> 0.1 | D17: =IFERROR(VLOOKUP(B17,DES,3,FALSE),"") -> 0.2 | E17: =IFERROR(VLOOKUP(B17,DES,4,FALSE),"") -> 0 | F17: =VLOOKUP(M17,BASILECART2,2,FALSE) -> 7 | G17: =IFERROR(VLOOKUP(F17,DES,2,FALSE),"") -> 0.1 | H17: =IFERROR(VLOOKUP(F17,DES,3,FALSE),"") -> 0.2 | I17: =IFERROR(VLOOKUP(F17,DES,4,FALSE),"") -> 0 | J17: =VLOOKUP(M17,BASCART4,2,FALSE) -> 62 | K17: =IFERROR(VLOOKUP(J17,A458DC1025,2,FALSE),"") -> 0.1 | L17: =IFERROR(VLOOKUP(J17,A458DC1025,3,FALSE),"") -> 0.11 | M17: ASOCIACION PROTECTORA DE ANIMALES SAN FRANCISCO DE ASIS DE LOMAS DE ZAMORA | N17: =IFERROR(VLOOKUP(M17,Basilee24,3,FALSE),"") | O17: =(N17*1.601)*1.05 -> #VALUE! | P17: =R17-Q17 -> #VALUE! | Q17: =IFERROR(VLOOKUP(M17,BASALIM,3,FALSE),"") | R17: =IFERROR(VLOOKUP(M17,BASFC,3,FALSE),"") | S17: =R17-O17 -> #VALUE! | T17: =R17/O17 -> #VALUE! | U17: =IFERROR(VLOOKUP(M17,Basilee24,4,FALSE),"") | V17: =U17*1.7245 -> #VALUE! | W17: =Y17-X17 -> #VALUE! | X17: =IFERROR(VLOOKUP(M17,BASALIM,4,FALSE),"") | Y17: =IFERROR(VLOOKUP(M17,BASFC,4,FALSE),"") | Z17: =Y17-V17 -> #VALUE! | AA17: =IFERROR(Y17/V17,"") | AB17: =IFERROR(VLOOKUP(M17,Basilee24,5,FALSE),"") | AC17: =(AB17*1.5955)*1.03 -> #VALUE! | AD17: =AF17-AE17 -> #VALUE! | AE17: =IFERROR(VLOOKUP(M17,BASALIM,5,FALSE),"") | AF17: =IFERROR(VLOOKUP(M17,BASFC,5,FALSE),"") | AG17: =AF17-AC17 -> #VALUE! | AH17: =IFERROR(AF17/AC17,"") | AI17: =SUM(O17,V17,AC17) -> #VALUE! | AJ17: =IFERROR(VLOOKUP(M17,trim2024,2,FALSE),"0") -> 0 | AK17: =SUM(AE17,X17,Q17) -> 0 | AL17: =SUM(P17,W17,AD17) -> #VALUE! | AM17: =AF17+Y17+R17 -> #VALUE! | AN17: =AM17-AJ17 -> #VALUE! | AO17: =AM17/AJ17 -> #VALUE! | AP17: =IFERROR(VLOOKUP(M17,Basilee24,6,FALSE),"") | AQ17: =AS17-AR17 -> #VALUE! | AR17: =IFERROR(VLOOKUP(M17,BASALIM,6,FALSE),"") | AS17: =IFERROR(VLOOKUP(M17,BASFC,6,FALSE),"") | AT17: =IFERROR(VLOOKUP(M17,Basilee24,7,FALSE),"") | AU17: =AW17-AV17 -> #VALUE! | AV17: =IFERROR(VLOOKUP(M17,BASALIM,7,FALSE),"") | AW17: =IFERROR(VLOOKUP(M17,BASFC,7,FALSE),"") | AX17: =IFERROR(VLOOKUP(M17,Basilee24,8,FALSE),"") | AY17: =BA17-AZ17 -> #VALUE! | AZ17: =IFERROR(VLOOKUP(M17,BASALIM,8,FALSE),"") | BA17: =IFERROR(VLOOKUP(M17,BASFC,8,FALSE),"") | BB17: =BH17+AY17+AU17 -> #VALUE! | BC17: =BI17+AZ17+AV17 -> #VALUE! | BD17: =BJ17+BA17+AW17 -> #VALUE! | BE17: =BB17+AL17 -> #VALUE! | BF17: =BC17+AK17 -> #VALUE! | BG17: =SUM(BD17+AM17) -> #VALUE! | BH17: =BJ17-BI17 -> #VALUE! | BI17: =IFERROR(VLOOKUP(M17,BASALIM,9,FALSE),"") | BJ17: =IFERROR(VLOOKUP(M17,BASFC,9,FALSE),"") | BK17: =IFERROR(VLOOKUP(M17,Basilee24,10,FALSE),"") | BL17: =BN17-BM17 -> #VALUE! | BM17: =IFERROR(VLOOKUP(M17,BASALIM,10,FALSE),"") | BN17: =IFERROR(VLOOKUP(M17,BASFC,10,FALSE),"") | BO17: =IFERROR(VLOOKUP(M17,Basilee24,11,FALSE),"") | BP17: =BR17-BQ17 -> #VALUE! | BQ17: =IFERROR(VLOOKUP(M17,BASALIM,11,FALSE),"") | BR17: =IFERROR(VLOOKUP(M17,BASFC,11,FALSE),"") | BS17: =BH17+BL17+BP17 -> #VALUE! | BT17: =SUM(BI17,BM17,BQ17) -> 0 | BU17: =SUM(BJ17,BN17,BR17) -> 0 | BV17: =IFERROR(VLOOKUP(M17,Basilee24,12,FALSE),"") | BW17: =BY17-BX17 -> #VALUE! | BX17: =IFERROR(VLOOKUP(M17,BASALIM,12,FALSE),"") | BY17: =IFERROR(VLOOKUP(M17,BASFC,12,FALSE),"") | BZ17: =IFERROR(VLOOKUP(M17,Basilee24,13,FALSE),"") | CD17: =IFERROR(VLOOKUP(M17,Basilee24,14,FALSE),"") | CI17: ABRIL CERRADO
A18: =VLOOKUP(M18,BASCART4,3,FALSE) -> 112013552 | B18: =IFERROR(VLOOKUP(M18,BASILECARTERA,2,FALSE),"") -> 7 | C18: =IFERROR(VLOOKUP(B18,DES,2,FALSE),"") -> 0.1 | D18: =IFERROR(VLOOKUP(B18,DES,3,FALSE),"") -> 0.2 | E18: =IFERROR(VLOOKUP(B18,DES,4,FALSE),"") -> 0 | F18: =VLOOKUP(M18,BASILECART2,2,FALSE) -> 7 | G18: =IFERROR(VLOOKUP(F18,DES,2,FALSE),"") -> 0.1 | H18: =IFERROR(VLOOKUP(F18,DES,3,FALSE),"") -> 0.2 | I18: =IFERROR(VLOOKUP(F18,DES,4,FALSE),"") -> 0 | J18: =VLOOKUP(M18,BASCART4,2,FALSE) -> 62 | K18: =IFERROR(VLOOKUP(J18,A458DC1025,2,FALSE),"") -> 0.1 | L18: =IFERROR(VLOOKUP(J18,A458DC1025,3,FALSE),"") -> 0.11 | M18: CASCO FEDERICO/BASSI MARIA | N18: =IFERROR(VLOOKUP(M18,Basilee24,3,FALSE),"") -> 1137654.7 | O18: 1800000 | P18: =R18-Q18 -> 384630.37 | Q18: =IFERROR(VLOOKUP(M18,BASALIM,3,FALSE),"") -> 1489233.1 | R18: =IFERROR(VLOOKUP(M18,BASFC,3,FALSE),"") -> 1873863.5 | S18: =R18-O18 -> 73863.49 | T18: =R18/O18 -> 1.0410353 | U18: =IFERROR(VLOOKUP(M18,Basilee24,4,FALSE),"") -> 814382.31 | V18: 1800000 | W18: =Y18-X18 -> 629128.33 | X18: =IFERROR(VLOOKUP(M18,BASALIM,4,FALSE),"") -> 879159.28 | Y18: =IFERROR(VLOOKUP(M18,BASFC,4,FALSE),"") -> 1508287.6 | Z18: =Y18-V18 -> -291712.39 | AA18: =Y18/V18 -> 0.83793756 | AB18: =IFERROR(VLOOKUP(M18,Basilee24,5,FALSE),"") -> 1391480.1 | AC18: 1800000 | AD18: =AF18-AE18 -> 423780.52 | AE18: =IFERROR(VLOOKUP(M18,BASALIM,5,FALSE),"") -> 1093806.8 | AF18: =IFERROR(VLOOKUP(M18,BASFC,5,FALSE),"") -> 1517587.3 | AG18: =AF18-AC18 -> -282412.72 | AH18: =IFERROR(AF18/AC18,"") -> 0.84310404 | AI18: =SUM(O18,V18,AC18) -> 5400000 | AJ18: =IFERROR(VLOOKUP(M18,trim2024,2,FALSE),"0") -> 3690357.5 | AK18: =SUM(AE18,X18,Q18) -> 3462199.2 | AL18: =SUM(P18,W18,AD18) -> 1437539.2 | AM18: =AF18+Y18+R18 -> 4899738.4 | AN18: =AM18-AJ18 -> 1209380.9 | AO18: =AM18/AJ18 -> 1.3277138 | AP18: =IFERROR(VLOOKUP(M18,Basilee24,6,FALSE),"") -> 1120630.2 | AQ18: =AS18-AR18 -> 0 | AR18: =IFERROR(VLOOKUP(M18,BASALIM,6,FALSE),"") -> 971367.2 | AS18: =IFERROR(VLOOKUP(M18,BASFC,6,FALSE),"") -> 971367.2 | AT18: =IFERROR(VLOOKUP(M18,Basilee24,7,FALSE),"") -> 1178306.5 | AU18: =AW18-AV18 -> 0 | AV18: =IFERROR(VLOOKUP(M18,BASALIM,7,FALSE),"") -> 1390304.5 | AW18: =IFERROR(VLOOKUP(M18,BASFC,7,FALSE),"") -> 1390304.5 | AX18: =IFERROR(VLOOKUP(M18,Basilee24,8,FALSE),"") -> 1088045.2 | AY18: =BA18-AZ18 -> 445938.39 | AZ18: =IFERROR(VLOOKUP(M18,BASALIM,8,FALSE),"") -> 1589702.5 | BA18: =IFERROR(VLOOKUP(M18,BASFC,8,FALSE),"") -> 2035640.9 | BB18: =BH18+AY18+AU18 -> 790049.61 | BC18: =BI18+AZ18+AV18 -> 4668807.5 | BD18: =BJ18+BA18+AW18 -> 5458857.1 | BE18: =BB18+AL18 -> 2227588.8 | BF18: =BC18+AK18 -> 8131006.7 | BG18: =SUM(BD18+AM18) -> 10358596 | BH18: =BJ18-BI18 -> 344111.22 | BI18: =IFERROR(VLOOKUP(M18,BASALIM,9,FALSE),"") -> 1688800.6 | BJ18: =IFERROR(VLOOKUP(M18,BASFC,9,FALSE),"") -> 2032911.8 | BK18: =IFERROR(VLOOKUP(M18,Basilee24,10,FALSE),"") -> 1146705.8 | BL18: =BN18-BM18 -> 174453.84 | BM18: =IFERROR(VLOOKUP(M18,BASALIM,10,FALSE),"") -> 1004273.8 | BN18: =IFERROR(VLOOKUP(M18,BASFC,10,FALSE),"") -> 1178727.7 | BO18: =IFERROR(VLOOKUP(M18,Basilee24,11,FALSE),"") -> 1021430.5 | BP18: =BR18-BQ18 -> 221737.52 | BQ18: =IFERROR(VLOOKUP(M18,BASALIM,11,FALSE),"") -> 609911.76 | BR18: =IFERROR(VLOOKUP(M18,BASFC,11,FALSE),"") -> 831649.28 | BS18: =BH18+BL18+BP18 -> 740302.58 | BT18: =SUM(BI18,BM18,BQ18) -> 3302986.2 | BU18: =SUM(BJ18,BN18,BR18) -> 4043288.7 | BV18: =IFERROR(VLOOKUP(M18,Basilee24,12,FALSE),"") -> 2361855.1 | BW18: =BY18-BX18 -> 1018707.4 | BX18: =IFERROR(VLOOKUP(M18,BASALIM,12,FALSE),"") -> 1428185.6 | BY18: =IFERROR(VLOOKUP(M18,BASFC,12,FALSE),"") -> 2446893 | BZ18: =IFERROR(VLOOKUP(M18,Basilee24,13,FALSE),"") -> 734907.39 | CD18: =IFERROR(VLOOKUP(M18,Basilee24,14,FALSE),"") -> 593594.96 | CI18: MAYO CERRADO
A19: =VLOOKUP(M19,BASCART4,3,FALSE) -> 112012249 | B19: =IFERROR(VLOOKUP(M19,BASILECARTERA,2,FALSE),"") -> 8 | C19: =VLOOKUP(B19,DES,2,FALSE) -> 0.1 | D19: =VLOOKUP(B19,DES,3,FALSE) -> 0.2 | E19: =VLOOKUP(B19,DES,4,FALSE) -> 0.23 | F19: =VLOOKUP(M19,BASILECART2,2,FALSE) -> 8 | G19: =IFERROR(VLOOKUP(F19,DES,2,FALSE),"") -> 0.1 | H19: =IFERROR(VLOOKUP(F19,DES,3,FALSE),"") -> 0.2 | I19: =IFERROR(VLOOKUP(F19,DES,4,FALSE),"") -> 0.23 | J19: =VLOOKUP(M19,BASCART4,2,FALSE) -> 62 | K19: =IFERROR(VLOOKUP(J19,A458DC1025,2,FALSE),"") -> 0.1 | L19: =IFERROR(VLOOKUP(J19,A458DC1025,3,FALSE),"") -> 0.11 | M19: DARIO GERA Y LEONARDO/ GERA DARIO G | N19: =IFERROR(VLOOKUP(M19,Basilee24,3,FALSE),"") -> 1577310.9 | O19: 1800000 | P19: =R19-Q19 -> 1702833.3 | Q19: =IFERROR(VLOOKUP(M19,BASALIM,3,FALSE),"") -> 3261466.7 | R19: =IFERROR(VLOOKUP(M19,BASFC,3,FALSE),"") -> 4964300 | S19: =R19-O19 -> 3164300 | T19: =R19/O19 -> 2.7579444 | U19: =IFERROR(VLOOKUP(M19,Basilee24,4,FALSE),"") -> 2374619.7 | V19: 1800000 | W19: =Y19-X19 -> 654551.86 | X19: =IFERROR(VLOOKUP(M19,BASALIM,4,FALSE),"") -> 3501785.2 | Y19: =IFERROR(VLOOKUP(M19,BASFC,4,FALSE),"") -> 4156337 | Z19: =Y19-V19 -> 2356337 | AA19: =Y19/V19 -> 2.3090761 | AB19: =IFERROR(VLOOKUP(M19,Basilee24,5,FALSE),"") -> 3635729.2 | AC19: 1800000 | AD19: =AF19-AE19 -> 454185.64 | AE19: =IFERROR(VLOOKUP(M19,BASALIM,5,FALSE),"") -> 4262906.3 | AF19: =IFERROR(VLOOKUP(M19,BASFC,5,FALSE),"") -> 4717092 | AG19: =AF19-AC19 -> 2917092 | AH19: =IFERROR(AF19/AC19,"") -> 2.6206067 | AI19: =SUM(O19,V19,AC19) -> 5400000 | AJ19: =IFERROR(VLOOKUP(M19,trim2024,2,FALSE),"0") -> 14497758 | AK19: =SUM(AE19,X19,Q19) -> 11026158 | AL19: =SUM(P19,W19,AD19) -> 2811570.8 | AM19: =AF19+Y19+R19 -> 13837729 | AN19: =AM19-AJ19 -> -660028.56 | AO19: =AM19/AJ19 -> 0.95447375 | AP19: =IFERROR(VLOOKUP(M19,Basilee24,6,FALSE),"") -> 2021494.3 | AQ19: =AS19-AR19 -> 1436762 | AR19: =IFERROR(VLOOKUP(M19,BASALIM,6,FALSE),"") -> 2242305.4 | AS19: =IFERROR(VLOOKUP(M19,BASFC,6,FALSE),"") -> 3679067.3 | AT19: =IFERROR(VLOOKUP(M19,Basilee24,7,FALSE),"") -> 3375735.3 | AU19: =AW19-AV19 -> 0 | AV19: =IFERROR(VLOOKUP(M19,BASALIM,7,FALSE),"") -> 3963899 | AW19: =IFERROR(VLOOKUP(M19,BASFC,7,FALSE),"") -> 3963899 | AX19: =IFERROR(VLOOKUP(M19,Basilee24,8,FALSE),"") -> 1657477.5 | AY19: =BA19-AZ19 -> 1301731.8 | AZ19: =IFERROR(VLOOKUP(M19,BASALIM,8,FALSE),"") -> 3825575.1 | BA19: =IFERROR(VLOOKUP(M19,BASFC,8,FALSE),"") -> 5127306.9 | BB19: =BH19+AY19+AU19 -> 2006731.2 | BC19: =BI19+AZ19+AV19 -> 13756699 | BD19: =BJ19+BA19+AW19 -> 15763431 | BE19: =BB19+AL19 -> 4818302 | BF19: =BC19+AK19 -> 24782858 | BG19: =SUM(BD19+AM19) -> 29601160 | BH19: =BJ19-BI19 -> 704999.41 | BI19: =IFERROR(VLOOKUP(M19,BASALIM,9,FALSE),"") -> 5967225.3 | BJ19: =IFERROR(VLOOKUP(M19,BASFC,9,FALSE),"") -> 6672224.7 | BK19: =IFERROR(VLOOKUP(M19,Basilee24,10,FALSE),"") -> 3428497.8 | BL19: =BN19-BM19 -> 400860.9 | BM19: =IFERROR(VLOOKUP(M19,BASALIM,10,FALSE),"") -> 6515716.5 | BN19: =IFERROR(VLOOKUP(M19,BASFC,10,FALSE),"") -> 6916577.4 | BO19: =IFERROR(VLOOKUP(M19,Basilee24,11,FALSE),"") -> 2880142.7 | BP19: =BR19-BQ19 -> 2986449.5 | BQ19: =IFERROR(VLOOKUP(M19,BASALIM,11,FALSE),"") -> 1154855.7 | BR19: =IFERROR(VLOOKUP(M19,BASFC,11,FALSE),"") -> 4141305.2 | BS19: =BH19+BL19+BP19 -> 4092309.8 | BT19: =SUM(BI19,BM19,BQ19) -> 13637798 | BU19: =SUM(BJ19,BN19,BR19) -> 17730107 | BV19: =IFERROR(VLOOKUP(M19,Basilee24,12,FALSE),"") -> 3409270.9 | BW19: =BY19-BX19 -> 1372564 | BX19: =IFERROR(VLOOKUP(M19,BASALIM,12,FALSE),"") -> 1736558.7 | BY19: =IFERROR(VLOOKUP(M19,BASFC,12,FALSE),"") -> 3109122.7 | BZ19: =IFERROR(VLOOKUP(M19,Basilee24,13,FALSE),"") -> 3889074.1 | CD19: =IFERROR(VLOOKUP(M19,Basilee24,14,FALSE),"") -> 7199412.6 | CI19: JUNIO CERRADO
A20: =VLOOKUP(M20,BASCART4,3,FALSE) -> 112012542 | B20: =IFERROR(VLOOKUP(M20,BASILECARTERA,2,FALSE),"") -> 7 | C20: =IFERROR(VLOOKUP(B20,DES,2,FALSE),"") -> 0.1 | D20: =IFERROR(VLOOKUP(B20,DES,3,FALSE),"") -> 0.2 | E20: =IFERROR(VLOOKUP(B20,DES,4,FALSE),"") -> 0 | F20: =IFERROR(VLOOKUP(M20,BASILECART2,2,FALSE),"") -> 7 | G20: =IFERROR(VLOOKUP(F20,DES,2,FALSE),"") -> 0.1 | H20: =IFERROR(VLOOKUP(F20,DES,3,FALSE),"") -> 0.2 | I20: =IFERROR(VLOOKUP(F20,DES,4,FALSE),"") -> 0 | J20: =VLOOKUP(M20,BASCART4,2,FALSE) -> 62 | K20: =IFERROR(VLOOKUP(J20,A458DC1025,2,FALSE),"") -> 0.1 | L20: =IFERROR(VLOOKUP(J20,A458DC1025,3,FALSE),"") -> 0.11 | M20: DIAZ EDUARDO RAUL | N20: =IFERROR(VLOOKUP(M20,Basilee24,3,FALSE),"") -> 1417158.4 | O20: 2500000 | P20: =R20-Q20 -> 96627.96 | Q20: =IFERROR(VLOOKUP(M20,BASALIM,3,FALSE),"") -> 1059751.7 | R20: =IFERROR(VLOOKUP(M20,BASFC,3,FALSE),"") -> 1156379.6 | S20: =R20-O20 -> -1343620.4 | T20: =R20/O20 -> 0.46255186 | U20: =IFERROR(VLOOKUP(M20,Basilee24,4,FALSE),"") -> 2129019 | V20: =U20*1.7245 -> 3671493.3 | W20: =Y20-X20 -> 13652.88 | X20: =IFERROR(VLOOKUP(M20,BASALIM,4,FALSE),"") -> 2030480.4 | Y20: =IFERROR(VLOOKUP(M20,BASFC,4,FALSE),"") -> 2044133.2 | Z20: =Y20-V20 -> -1627360.1 | AA20: =Y20/V20 -> 0.55675799 | AB20: =IFERROR(VLOOKUP(M20,Basilee24,5,FALSE),"") -> 1949096.4 | AC20: =(AB20*1.5955)*1.03 -> 3203076.8 | AD20: =AF20-AE20 -> 35230.5 | AE20: =IFERROR(VLOOKUP(M20,BASALIM,5,FALSE),"") -> 361824.14 | AF20: =IFERROR(VLOOKUP(M20,BASFC,5,FALSE),"") -> 397054.64 | AG20: =AF20-AC20 -> -2806022.1 | AH20: =IFERROR(AF20/AC20,"") -> 0.12396039 | AI20: =SUM(O20,V20,AC20) -> 9374570.1 | AJ20: =IFERROR(VLOOKUP(M20,trim2024,2,FALSE),"0") -> 4106524.2 | AK20: =SUM(AE20,X20,Q20) -> 3452056.2 | AL20: =SUM(P20,W20,AD20) -> 145511.34 | AM20: =AF20+Y20+R20 -> 3597567.5 | AN20: =AM20-AJ20 -> -508956.7 | AO20: =AM20/AJ20 -> 0.87606144 | AP20: =IFERROR(VLOOKUP(M20,Basilee24,6,FALSE),"") -> 2567245.4 | AQ20: =AS20-AR20 -> 0 | AR20: =IFERROR(VLOOKUP(M20,BASALIM,6,FALSE),"") -> 1204910.3 | AS20: =IFERROR(VLOOKUP(M20,BASFC,6,FALSE),"") -> 1204910.3 | AT20: =IFERROR(VLOOKUP(M20,Basilee24,7,FALSE),"") -> 1330861.8 | AU20: =AW20-AV20 -> 114669.48 | AV20: =IFERROR(VLOOKUP(M20,BASALIM,7,FALSE),"") -> 1467991.9 | AW20: =IFERROR(VLOOKUP(M20,BASFC,7,FALSE),"") -> 1582661.4 | AX20: =IFERROR(VLOOKUP(M20,Basilee24,8,FALSE),"") -> 1460935.3 | AY20: =BA20-AZ20 -> 0 | AZ20: =IFERROR(VLOOKUP(M20,BASALIM,8,FALSE),"") -> 832847.22 | BA20: =IFERROR(VLOOKUP(M20,BASFC,8,FALSE),"") -> 832847.22 | BB20: =BH20+AY20+AU20 -> 198092.94 | BC20: =BI20+AZ20+AV20 -> 3918292.9 | BD20: =BJ20+BA20+AW20 -> 4116385.9 | BE20: =BB20+AL20 -> 343604.28 | BF20: =BC20+AK20 -> 7370349.1 | BG20: =SUM(BD20+AM20) -> 7713953.4 | BH20: =BJ20-BI20 -> 83423.46 | BI20: =IFERROR(VLOOKUP(M20,BASALIM,9,FALSE),"") -> 1617453.8 | BJ20: =IFERROR(VLOOKUP(M20,BASFC,9,FALSE),"") -> 1700877.2 | BK20: =IFERROR(VLOOKUP(M20,Basilee24,10,FALSE),"") -> 2114202.9 | BL20: =BN20-BM20 -> 85821 | BM20: =IFERROR(VLOOKUP(M20,BASALIM,10,FALSE),"") -> 2724007.4 | BN20: =IFERROR(VLOOKUP(M20,BASFC,10,FALSE),"") -> 2809828.4 | BO20: =IFERROR(VLOOKUP(M20,Basilee24,11,FALSE),"") -> 1273667.5 | BP20: =BR20-BQ20 -> 80578.5 | BQ20: =IFERROR(VLOOKUP(M20,BASALIM,11,FALSE),"") -> 330845.96 | BR20: =IFERROR(VLOOKUP(M20,BASFC,11,FALSE),"") -> 411424.46 | BS20: =BH20+BL20+BP20 -> 249822.96 | BT20: =SUM(BI20,BM20,BQ20) -> 4672307.1 | BU20: =SUM(BJ20,BN20,BR20) -> 4922130.1 | BV20: =IFERROR(VLOOKUP(M20,Basilee24,12,FALSE),"") -> 1667225.6 | BW20: =BY20-BX20 -> 0 | BX20: =IFERROR(VLOOKUP(M20,BASALIM,12,FALSE),"") -> 1297570.7 | BY20: =IFERROR(VLOOKUP(M20,BASFC,12,FALSE),"") -> 1297570.7 | BZ20: =IFERROR(VLOOKUP(M20,Basilee24,13,FALSE),"") -> 1891176.5 | CD20: =IFERROR(VLOOKUP(M20,Basilee24,14,FALSE),"") -> 548122.15 | CI20: TRIMESTRE ABRIL - JUNIO CERRADO
A21: =VLOOKUP(M21,BASCART4,3,FALSE) -> 112014512 | B21: =IFERROR(VLOOKUP(M21,BASILECARTERA,2,FALSE),"") -> 7 | C21: =IFERROR(VLOOKUP(B21,DES,2,FALSE),"") -> 0.1 | D21: =IFERROR(VLOOKUP(B21,DES,3,FALSE),"") -> 0.2 | E21: =IFERROR(VLOOKUP(B21,DES,4,FALSE),"") -> 0 | F21: =IFERROR(VLOOKUP(M21,BASILECART2,2,FALSE),"") -> 7 | G21: =IFERROR(VLOOKUP(F21,DES,2,FALSE),"") -> 0.1 | H21: =IFERROR(VLOOKUP(F21,DES,3,FALSE),"") -> 0.2 | I21: =IFERROR(VLOOKUP(F21,DES,4,FALSE),"") -> 0 | J21: =VLOOKUP(M21,BASCART4,2,FALSE) -> 62 | K21: =IFERROR(VLOOKUP(J21,A458DC1025,2,FALSE),"") -> 0.1 | L21: =IFERROR(VLOOKUP(J21,A458DC1025,3,FALSE),"") -> 0.11 | M21: FERNANDO FABIAN CASALONGUE | N21: =IFERROR(VLOOKUP(M21,Basilee24,3,FALSE),"") -> 0 | O21: 1800000 | P21: =R21-Q21 -> 874014.86 | Q21: =IFERROR(VLOOKUP(M21,BASALIM,3,FALSE),"") -> 42063.43 | R21: =IFERROR(VLOOKUP(M21,BASFC,3,FALSE),"") -> 916078.29 | S21: =R21-O21 -> -883921.71 | T21: =R21/O21 -> 0.50893238 | U21: =IFERROR(VLOOKUP(M21,Basilee24,4,FALSE),"") -> 0 | V21: 1800000 | W21: =Y21-X21 -> 715723.08 | X21: =IFERROR(VLOOKUP(M21,BASALIM,4,FALSE),"") -> -6287.49 | Y21: =IFERROR(VLOOKUP(M21,BASFC,4,FALSE),"") -> 709435.59 | Z21: =Y21-V21 -> -1090564.4 | AA21: =Y21/V21 -> 0.39413088 | AB21: =IFERROR(VLOOKUP(M21,Basilee24,5,FALSE),"") -> 0 | AC21: 1800000 | AD21: =AF21-AE21 -> 640274.61 | AE21: =IFERROR(VLOOKUP(M21,BASALIM,5,FALSE),"") -> 42550.22 | AF21: =IFERROR(VLOOKUP(M21,BASFC,5,FALSE),"") -> 682824.83 | AG21: =AF21-AC21 -> -1117175.2 | AH21: =IFERROR(AF21/AC21,"") -> 0.37934713 | AI21: =SUM(O21,V21,AC21) -> 5400000 | AJ21: =IFERROR(VLOOKUP(M21,trim2024,2,FALSE),"0") -> 1779489.4 | AK21: =SUM(AE21,X21,Q21) -> 78326.16 | AL21: =SUM(P21,W21,AD21) -> 2230012.5 | AM21: =AF21+Y21+R21 -> 2308338.7 | AN21: =AM21-AJ21 -> 528849.27 | AO21: =AM21/AJ21 -> 1.2971916 | AP21: =IFERROR(VLOOKUP(M21,Basilee24,6,FALSE),"") -> 0 | AQ21: =AS21-AR21 -> 491692.7 | AR21: =IFERROR(VLOOKUP(M21,BASALIM,6,FALSE),"") -> 0 | AS21: =IFERROR(VLOOKUP(M21,BASFC,6,FALSE),"") -> 491692.7 | AT21: =IFERROR(VLOOKUP(M21,Basilee24,7,FALSE),"") -> 0 | AU21: =AW21-AV21 -> 1160875.8 | AV21: =IFERROR(VLOOKUP(M21,BASALIM,7,FALSE),"") -> 0 | AW21: =IFERROR(VLOOKUP(M21,BASFC,7,FALSE),"") -> 1160875.8 | AX21: =IFERROR(VLOOKUP(M21,Basilee24,8,FALSE),"") -> 0 | AY21: =BA21-AZ21 -> 0 | AZ21: =IFERROR(VLOOKUP(M21,BASALIM,8,FALSE),"") -> 0 | BA21: =IFERROR(VLOOKUP(M21,BASFC,8,FALSE),"") -> 0 | BB21: =BH21+AY21+AU21 -> 1408923.6 | BC21: =BI21+AZ21+AV21 -> 0 | BD21: =BJ21+BA21+AW21 -> 1408923.6 | BE21: =BB21+AL21 -> 3638936.1 | BF21: =BC21+AK21 -> 78326.16 | BG21: =SUM(BD21+AM21) -> 3717262.3 | BH21: =BJ21-BI21 -> 248047.79 | BI21: =IFERROR(VLOOKUP(M21,BASALIM,9,FALSE),"") -> 0 | BJ21: =IFERROR(VLOOKUP(M21,BASFC,9,FALSE),"") -> 248047.79 | BK21: =IFERROR(VLOOKUP(M21,Basilee24,10,FALSE),"") -> 0 | BL21: =BN21-BM21 -> 780393.86 | BM21: =IFERROR(VLOOKUP(M21,BASALIM,10,FALSE),"") -> 0 | BN21: =IFERROR(VLOOKUP(M21,BASFC,10,FALSE),"") -> 780393.86 | BO21: =IFERROR(VLOOKUP(M21,Basilee24,11,FALSE),"") -> 398630.24 | BP21: =BR21-BQ21 -> 184455.73 | BQ21: =IFERROR(VLOOKUP(M21,BASALIM,11,FALSE),"") -> 0 | BR21: =IFERROR(VLOOKUP(M21,BASFC,11,FALSE),"") -> 184455.73 | BS21: =BH21+BL21+BP21 -> 1212897.4 | BT21: =SUM(BI21,BM21,BQ21) -> 0 | BU21: =SUM(BJ21,BN21,BR21) -> 1212897.4 | BV21: =IFERROR(VLOOKUP(M21,Basilee24,12,FALSE),"") -> 1290441.9 | BW21: =BY21-BX21 -> 907050.65 | BX21: =IFERROR(VLOOKUP(M21,BASALIM,12,FALSE),"") -> 0 | BY21: =IFERROR(VLOOKUP(M21,BASFC,12,FALSE),"") -> 907050.65 | BZ21: =IFERROR(VLOOKUP(M21,Basilee24,13,FALSE),"") -> 0 | CD21: =IFERROR(VLOOKUP(M21,Basilee24,14,FALSE),"") -> 489047.58 | CI21: SEMESTRE ENE-JUN - CERRADO
A22: =VLOOKUP(M22,BASCART4,3,FALSE) -> 112012200 | B22: =IFERROR(VLOOKUP(M22,BASILECARTERA,2,FALSE),"") -> 7 | C22: =IFERROR(VLOOKUP(B22,DES,2,FALSE),"") -> 0.1 | D22: =IFERROR(VLOOKUP(B22,DES,3,FALSE),"") -> 0.2 | E22: =IFERROR(VLOOKUP(B22,DES,4,FALSE),"") -> 0 | F22: =IFERROR(VLOOKUP(M22,BASILECART2,2,FALSE),"") -> 7 | G22: =IFERROR(VLOOKUP(F22,DES,2,FALSE),"") -> 0.1 | H22: =IFERROR(VLOOKUP(F22,DES,3,FALSE),"") -> 0.2 | I22: =IFERROR(VLOOKUP(F22,DES,4,FALSE),"") -> 0 | J22: =VLOOKUP(M22,BASCART4,2,FALSE) -> 62 | K22: =IFERROR(VLOOKUP(J22,A458DC1025,2,FALSE),"") -> 0.1 | L22: =IFERROR(VLOOKUP(J22,A458DC1025,3,FALSE),"") -> 0.11 | M22: FLORENTIN JUAN CARLOS | N22: =IFERROR(VLOOKUP(M22,Basilee24,3,FALSE),"") -> 321402.6 | O22: 1800000 | P22: =R22-Q22 -> 152348.62 | Q22: =IFERROR(VLOOKUP(M22,BASALIM,3,FALSE),"") -> 185909.36 | R22: =IFERROR(VLOOKUP(M22,BASFC,3,FALSE),"") -> 338257.98 | S22: =R22-O22 -> -1461742 | T22: =R22/O22 -> 0.1879211 | U22: =IFERROR(VLOOKUP(M22,Basilee24,4,FALSE),"") -> 198858.98 | V22: 1800000 | W22: =Y22-X22 -> 182965.7 | X22: =IFERROR(VLOOKUP(M22,BASALIM,4,FALSE),"") -> 32601.12 | Y22: =IFERROR(VLOOKUP(M22,BASFC,4,FALSE),"") -> 215566.82 | Z22: =Y22-V22 -> -1584433.2 | AA22: =Y22/V22 -> 0.11975934 | AB22: =IFERROR(VLOOKUP(M22,Basilee24,5,FALSE),"") -> 416666.65 | AC22: 1800000 | AD22: =AF22-AE22 -> 143749.08 | AE22: =IFERROR(VLOOKUP(M22,BASALIM,5,FALSE),"") -> 29238.72 | AF22: =IFERROR(VLOOKUP(M22,BASFC,5,FALSE),"") -> 172987.8 | AG22: =AF22-AC22 -> -1627012.2 | AH22: =AF22/AC22 -> 0.096104333 | AI22: =SUM(O22,V22,AC22) -> 5400000 | AJ22: =IFERROR(VLOOKUP(M22,trim2024,2,FALSE),"0") -> 2481624.2 | AK22: =SUM(AE22,X22,Q22) -> 247749.2 | AL22: =SUM(P22,W22,AD22) -> 479063.4 | AM22: =AF22+Y22+R22 -> 726812.6 | AN22: =AM22-AJ22 -> -1754811.6 | AO22: =AM22/AJ22 -> 0.29287779 | AP22: =IFERROR(VLOOKUP(M22,Basilee24,6,FALSE),"") -> 226855.16 | AQ22: =AS22-AR22 -> 463325.54 | AR22: =IFERROR(VLOOKUP(M22,BASALIM,6,FALSE),"") -> 143385.44 | AS22: =IFERROR(VLOOKUP(M22,BASFC,6,FALSE),"") -> 606710.98 | AT22: =IFERROR(VLOOKUP(M22,Basilee24,7,FALSE),"") -> 504679.67 | AU22: =AW22-AV22 -> 211008.22 | AV22: =IFERROR(VLOOKUP(M22,BASALIM,7,FALSE),"") -> 65671.12 | AW22: =IFERROR(VLOOKUP(M22,BASFC,7,FALSE),"") -> 276679.34 | AX22: =IFERROR(VLOOKUP(M22,Basilee24,8,FALSE),"") -> 405668.77 | AY22: =BA22-AZ22 -> 226828.15 | AZ22: =IFERROR(VLOOKUP(M22,BASALIM,8,FALSE),"") -> 114901.6 | BA22: =IFERROR(VLOOKUP(M22,BASFC,8,FALSE),"") -> 341729.75 | BB22: =BH22+AY22+AU22 -> 623996.91 | BC22: =BI22+AZ22+AV22 -> 1069402.1 | BD22: =BJ22+BA22+AW22 -> 1693399 | BE22: =BB22+AL22 -> 1103060.3 | BF22: =BC22+AK22 -> 1317151.3 | BG22: =SUM(BD22+AM22) -> 2420211.6 | BH22: =BJ22-BI22 -> 186160.54 | BI22: =IFERROR(VLOOKUP(M22,BASALIM,9,FALSE),"") -> 888829.38 | BJ22: =IFERROR(VLOOKUP(M22,BASFC,9,FALSE),"") -> 1074989.9 | BK22: =IFERROR(VLOOKUP(M22,Basilee24,10,FALSE),"") -> 681493.59 | BL22: =BN22-BM22 -> 107466.1 | BM22: =IFERROR(VLOOKUP(M22,BASALIM,10,FALSE),"") -> 264799.28 | BN22: =IFERROR(VLOOKUP(M22,BASFC,10,FALSE),"") -> 372265.38 | BO22: =IFERROR(VLOOKUP(M22,Basilee24,11,FALSE),"") -> 429835.98 | BP22: =BR22-BQ22 -> 308085.5 | BQ22: =IFERROR(VLOOKUP(M22,BASALIM,11,FALSE),"") -> 395737.12 | BR22: =IFERROR(VLOOKUP(M22,BASFC,11,FALSE),"") -> 703822.62 | BS22: =BH22+BL22+BP22 -> 601712.14 | BT22: =SUM(BI22,BM22,BQ22) -> 1549365.8 | BU22: =SUM(BJ22,BN22,BR22) -> 2151077.9 | BV22: =IFERROR(VLOOKUP(M22,Basilee24,12,FALSE),"") -> 996763.82 | BW22: =BY22-BX22 -> 293012.37 | BX22: =IFERROR(VLOOKUP(M22,BASALIM,12,FALSE),"") -> 733288.36 | BY22: =IFERROR(VLOOKUP(M22,BASFC,12,FALSE),"") -> 1026300.7 | BZ22: =IFERROR(VLOOKUP(M22,Basilee24,13,FALSE),"") -> 547631.04 | CD22: =IFERROR(VLOOKUP(M22,Basilee24,14,FALSE),"") -> 937229.32 | CI22: JULIO CERRADO
A23: =VLOOKUP(M23,BASCART4,3,FALSE) -> 112013044 | B23: =IFERROR(VLOOKUP(M23,BASILECARTERA,2,FALSE),"") -> 7 | C23: =IFERROR(VLOOKUP(B23,DES,2,FALSE),"") -> 0.1 | D23: =IFERROR(VLOOKUP(B23,DES,3,FALSE),"") -> 0.2 | E23: =IFERROR(VLOOKUP(B23,DES,4,FALSE),"") -> 0 | F23: =IFERROR(VLOOKUP(M23,BASILECART2,2,FALSE),"") -> 7 | G23: =IFERROR(VLOOKUP(F23,DES,2,FALSE),"") -> 0.1 | H23: =IFERROR(VLOOKUP(F23,DES,3,FALSE),"") -> 0.2 | I23: =IFERROR(VLOOKUP(F23,DES,4,FALSE),"") -> 0 | J23: =VLOOKUP(M23,BASCART4,2,FALSE) -> 62 | K23: =IFERROR(VLOOKUP(J23,A458DC1025,2,FALSE),"") -> 0.1 | L23: =IFERROR(VLOOKUP(J23,A458DC1025,3,FALSE),"") -> 0.11 | M23: FOGONVET S.R.L. | N23: =IFERROR(VLOOKUP(M23,Basilee24,3,FALSE),"") -> 1647368 | O23: 2500000 | P23: =R23-Q23 -> 1140387.5 | Q23: =IFERROR(VLOOKUP(M23,BASALIM,3,FALSE),"") -> 385358.32 | R23: =IFERROR(VLOOKUP(M23,BASFC,3,FALSE),"") -> 1525745.8 | S23: =R23-O23 -> -974254.16 | T23: =R23/O23 -> 0.61029834 | U23: =IFERROR(VLOOKUP(M23,Basilee24,4,FALSE),"") -> 301518.8 | V23: 2500000 | W23: =Y23-X23 -> 947308.31 | X23: =IFERROR(VLOOKUP(M23,BASALIM,4,FALSE),"") -> 347109.2 | Y23: =IFERROR(VLOOKUP(M23,BASFC,4,FALSE),"") -> 1294417.5 | Z23: =Y23-V23 -> -1205582.5 | AA23: =Y23/V23 -> 0.517767 | AB23: =IFERROR(VLOOKUP(M23,Basilee24,5,FALSE),"") -> 30634.32 | AC23: 2500000 | AD23: =AF23-AE23 -> 1700792.7 | AE23: =IFERROR(VLOOKUP(M23,BASALIM,5,FALSE),"") -> 112798.96 | AF23: =IFERROR(VLOOKUP(M23,BASFC,5,FALSE),"") -> 1813591.6 | AG23: =AF23-AC23 -> -686408.35 | AH23: =AF23/AC23 -> 0.72543666 | AI23: =SUM(O23,V23,AC23) -> 7500000 | AJ23: =IFERROR(VLOOKUP(M23,trim2024,2,FALSE),"0") -> 4748869.2 | AK23: =SUM(AE23,X23,Q23) -> 845266.48 | AL23: =SUM(P23,W23,AD23) -> 3788488.5 | AM23: =AF23+Y23+R23 -> 4633755 | AN23: =AM23-AJ23 -> -115114.24 | AO23: =AM23/AJ23 -> 0.97575965 | AP23: =IFERROR(VLOOKUP(M23,Basilee24,6,FALSE),"") -> 380182.28 | AQ23: =AS23-AR23 -> 3494747.3 | AR23: =IFERROR(VLOOKUP(M23,BASALIM,6,FALSE),"") -> 403950.4 | AS23: =IFERROR(VLOOKUP(M23,BASFC,6,FALSE),"") -> 3898697.7 | AT23: =IFERROR(VLOOKUP(M23,Basilee24,7,FALSE),"") -> 262077.46 | AU23: =AW23-AV23 -> 2415458.9 | AV23: =IFERROR(VLOOKUP(M23,BASALIM,7,FALSE),"") -> 643476.88 | AW23: =IFERROR(VLOOKUP(M23,BASFC,7,FALSE),"") -> 3058935.8 | AX23: =IFERROR(VLOOKUP(M23,Basilee24,8,FALSE),"") -> 758385.82 | AY23: =BA23-AZ23 -> 1354310.5 | AZ23: =IFERROR(VLOOKUP(M23,BASALIM,8,FALSE),"") -> 310434.56 | BA23: =IFERROR(VLOOKUP(M23,BASFC,8,FALSE),"") -> 1664745.1 | BB23: =BH23+AY23+AU23 -> 6294934 | BC23: =BI23+AZ23+AV23 -> 1697379.6 | BD23: =BJ23+BA23+AW23 -> 7992313.6 | BE23: =BB23+AL23 -> 10083422 | BF23: =BC23+AK23 -> 2542646.1 | BG23: =SUM(BD23+AM23) -> 12626069 | BH23: =BJ23-BI23 -> 2525164.5 | BI23: =IFERROR(VLOOKUP(M23,BASALIM,9,FALSE),"") -> 743468.16 | BJ23: =IFERROR(VLOOKUP(M23,BASFC,9,FALSE),"") -> 3268632.7 | BK23: =IFERROR(VLOOKUP(M23,Basilee24,10,FALSE),"") -> 726045.36 | BL23: =BN23-BM23 -> 1991004.9 | BM23: =IFERROR(VLOOKUP(M23,BASALIM,10,FALSE),"") -> 249031.3 | BN23: =IFERROR(VLOOKUP(M23,BASFC,10,FALSE),"") -> 2240036.2 | BO23: =IFERROR(VLOOKUP(M23,Basilee24,11,FALSE),"") -> 490009.62 | BP23: =BR23-BQ23 -> 3104681.7 | BQ23: =IFERROR(VLOOKUP(M23,BASALIM,11,FALSE),"") -> 368728.72 | BR23: =IFERROR(VLOOKUP(M23,BASFC,11,FALSE),"") -> 3473410.4 | BS23: =BH23+BL23+BP23 -> 7620851.1 | BT23: =SUM(BI23,BM23,BQ23) -> 1361228.2 | BU23: =SUM(BJ23,BN23,BR23) -> 8982079.3 | BV23: =IFERROR(VLOOKUP(M23,Basilee24,12,FALSE),"") -> 1268485.6 | BW23: =BY23-BX23 -> 2134223.2 | BX23: =IFERROR(VLOOKUP(M23,BASALIM,12,FALSE),"") -> 463918.29 | BY23: =IFERROR(VLOOKUP(M23,BASFC,12,FALSE),"") -> 2598141.5 | BZ23: =IFERROR(VLOOKUP(M23,Basilee24,13,FALSE),"") -> 2101157.6 | CD23: =IFERROR(VLOOKUP(M23,Basilee24,14,FALSE),"") -> 1379226 | CI23: AGOSTO CERRADO
A24: =VLOOKUP(M24,BASCART4,3,FALSE) -> 112012744 | B24: =IFERROR(VLOOKUP(M24,BASILECARTERA,2,FALSE),"") -> 7 | C24: =IFERROR(VLOOKUP(B24,DES,2,FALSE),"") -> 0.1 | D24: =IFERROR(VLOOKUP(B24,DES,3,FALSE),"") -> 0.2 | E24: =IFERROR(VLOOKUP(B24,DES,4,FALSE),"") -> 0 | F24: =VLOOKUP(M24,BASILECART2,2,FALSE) -> 7 | G24: =IFERROR(VLOOKUP(F24,DES,2,FALSE),"") -> 0.1 | H24: =IFERROR(VLOOKUP(F24,DES,3,FALSE),"") -> 0.2 | I24: =IFERROR(VLOOKUP(F24,DES,4,FALSE),"") -> 0 | J24: =VLOOKUP(M24,BASCART4,2,FALSE) -> 62 | K24: =IFERROR(VLOOKUP(J24,A458DC1025,2,FALSE),"") -> 0.1 | L24: =IFERROR(VLOOKUP(J24,A458DC1025,3,FALSE),"") -> 0.11 | M24: GIACHINO LAURA | N24: =IFERROR(VLOOKUP(M24,Basilee24,3,FALSE),"") -> 739358.81 | O24: 1800000 | P24: =R24-Q24 -> 380489.44 | Q24: =IFERROR(VLOOKUP(M24,BASALIM,3,FALSE),"") -> 393333.76 | R24: =IFERROR(VLOOKUP(M24,BASFC,3,FALSE),"") -> 773823.2 | S24: =R24-O24 -> -1026176.8 | T24: =R24/O24 -> 0.42990178 | U24: =IFERROR(VLOOKUP(M24,Basilee24,4,FALSE),"") -> 806814.16 | V24: 1800000 | W24: =Y24-X24 -> 141969.06 | X24: =IFERROR(VLOOKUP(M24,BASALIM,4,FALSE),"") -> 445617.31 | Y24: =IFERROR(VLOOKUP(M24,BASFC,4,FALSE),"") -> 587586.37 | Z24: =Y24-V24 -> -1212413.6 | AA24: =Y24/V24 -> 0.32643687 | AB24: =IFERROR(VLOOKUP(M24,Basilee24,5,FALSE),"") -> 886860.8 | AC24: 1800000 | AD24: =AF24-AE24 -> 456502.57 | AE24: =IFERROR(VLOOKUP(M24,BASALIM,5,FALSE),"") -> 591060.5 | AF24: =IFERROR(VLOOKUP(M24,BASFC,5,FALSE),"") -> 1047563.1 | AG24: =AF24-AC24 -> -752436.93 | AH24: =AF24/AC24 -> 0.58197948 | AI24: =SUM(O24,V24,AC24) -> 5400000 | AJ24: =IFERROR(VLOOKUP(M24,trim2024,2,FALSE),"0") -> 2138302.1 | AK24: =SUM(AE24,X24,Q24) -> 1430011.6 | AL24: =SUM(P24,W24,AD24) -> 978961.07 | AM24: =AF24+Y24+R24 -> 2408972.6 | AN24: =AM24-AJ24 -> 270670.58 | AO24: =AM24/AJ24 -> 1.126582 | AP24: =IFERROR(VLOOKUP(M24,Basilee24,6,FALSE),"") -> 1030088.1 | AQ24: =AS24-AR24 -> 343237.84 | AR24: =IFERROR(VLOOKUP(M24,BASALIM,6,FALSE),"") -> 848463.84 | AS24: =IFERROR(VLOOKUP(M24,BASFC,6,FALSE),"") -> 1191701.7 | AT24: =IFERROR(VLOOKUP(M24,Basilee24,7,FALSE),"") -> 642210.45 | AU24: =AW24-AV24 -> 189838.89 | AV24: =IFERROR(VLOOKUP(M24,BASALIM,7,FALSE),"") -> 623632.32 | AW24: =IFERROR(VLOOKUP(M24,BASFC,7,FALSE),"") -> 813471.21 | AX24: =IFERROR(VLOOKUP(M24,Basilee24,8,FALSE),"") -> 783610.5 | AY24: =BA24-AZ24 -> 351539.99 | AZ24: =IFERROR(VLOOKUP(M24,BASALIM,8,FALSE),"") -> 1390398.6 | BA24: =IFERROR(VLOOKUP(M24,BASFC,8,FALSE),"") -> 1741938.6 | BB24: =BH24+AY24+AU24 -> 1010748.7 | BC24: =BI24+AZ24+AV24 -> 3112865.7 | BD24: =BJ24+BA24+AW24 -> 4123614.5 | BE24: =BB24+AL24 -> 1989709.8 | BF24: =BC24+AK24 -> 4542877.3 | BG24: =SUM(BD24+AM24) -> 6532587.1 | BH24: =BJ24-BI24 -> 469369.83 | BI24: =IFERROR(VLOOKUP(M24,BASALIM,9,FALSE),"") -> 1098834.8 | BJ24: =IFERROR(VLOOKUP(M24,BASFC,9,FALSE),"") -> 1568204.6 | BK24: =IFERROR(VLOOKUP(M24,Basilee24,10,FALSE),"") -> 291266.16 | BL24: =BN24-BM24 -> -128664.54 | BM24: =IFERROR(VLOOKUP(M24,BASALIM,10,FALSE),"") -> 592371.6 | BN24: =IFERROR(VLOOKUP(M24,BASFC,10,FALSE),"") -> 463707.06 | BO24: =IFERROR(VLOOKUP(M24,Basilee24,11,FALSE),"") -> 334226.58 | BP24: =BR24-BQ24 -> 429333.4 | BQ24: =IFERROR(VLOOKUP(M24,BASALIM,11,FALSE),"") -> 932138.82 | BR24: =IFERROR(VLOOKUP(M24,BASFC,11,FALSE),"") -> 1361472.2 | BS24: =BH24+BL24+BP24 -> 770038.69 | BT24: =SUM(BI24,BM24,BQ24) -> 2623345.2 | BU24: =SUM(BJ24,BN24,BR24) -> 3393383.9 | BV24: =IFERROR(VLOOKUP(M24,Basilee24,12,FALSE),"") -> 800917.3 | BW24: =BY24-BX24 -> 506342.13 | BX24: =IFERROR(VLOOKUP(M24,BASALIM,12,FALSE),"") -> 663531.35 | BY24: =IFERROR(VLOOKUP(M24,BASFC,12,FALSE),"") -> 1169873.5 | BZ24: =IFERROR(VLOOKUP(M24,Basilee24,13,FALSE),"") -> 820891.53 | CD24: =IFERROR(VLOOKUP(M24,Basilee24,14,FALSE),"") -> 516493.23 | CI24: SEPTIEMBRE CERRADO
A25: =VLOOKUP(M25,BASCART4,3,FALSE) -> 112014541 | B25: =IFERROR(VLOOKUP(M25,BASILECARTERA,2,FALSE),"") -> 7 | C25: =IFERROR(VLOOKUP(B25,DES,2,FALSE),"") -> 0.1 | D25: =IFERROR(VLOOKUP(B25,DES,3,FALSE),"") -> 0.2 | E25: =IFERROR(VLOOKUP(B25,DES,4,FALSE),"") -> 0 | F25: =VLOOKUP(M25,BASILECART2,2,FALSE) -> 7 | G25: =IFERROR(VLOOKUP(F25,DES,2,FALSE),"") -> 0.1 | H25: =IFERROR(VLOOKUP(F25,DES,3,FALSE),"") -> 0.2 | I25: =IFERROR(VLOOKUP(F25,DES,4,FALSE),"") -> 0 | J25: =VLOOKUP(M25,BASCART4,2,FALSE) -> 62 | K25: =IFERROR(VLOOKUP(J25,A458DC1025,2,FALSE),"") -> 0.1 | L25: =IFERROR(VLOOKUP(J25,A458DC1025,3,FALSE),"") -> 0.11 | M25: MARIA CECILIA SALUZZO | N25: =IFERROR(VLOOKUP(M25,Basilee24,3,FALSE),"") -> 0 | O25: 1800000 | P25: =R25-Q25 -> 0 | Q25: =IFERROR(VLOOKUP(M25,BASALIM,3,FALSE),"") -> 0 | R25: =IFERROR(VLOOKUP(M25,BASFC,3,FALSE),"") -> 0 | S25: =R25-O25 -> -1800000 | T25: =R25/O25 -> 0 | U25: =IFERROR(VLOOKUP(M25,Basilee24,4,FALSE),"") -> 0 | V25: 1800000 | W25: =Y25-X25 -> 455284.12 | X25: =IFERROR(VLOOKUP(M25,BASALIM,4,FALSE),"") -> 0 | Y25: =IFERROR(VLOOKUP(M25,BASFC,4,FALSE),"") -> 455284.12 | Z25: =Y25-V25 -> -1344715.9 | AA25: =Y25/V25 -> 0.25293562 | AB25: =IFERROR(VLOOKUP(M25,Basilee24,5,FALSE),"") -> 0 | AC25: 1800000 | AD25: =AF25-AE25 -> 580557.41 | AE25: =IFERROR(VLOOKUP(M25,BASALIM,5,FALSE),"") -> 0 | AF25: =IFERROR(VLOOKUP(M25,BASFC,5,FALSE),"") -> 580557.41 | AG25: =AF25-AC25 -> -1219442.6 | AH25: =AF25/AC25 -> 0.32253189 | AI25: =SUM(O25,V25,AC25) -> 5400000 | AJ25: =IFERROR(VLOOKUP(M25,trim2024,2,FALSE),"0") -> 988274.71 | AK25: =SUM(AE25,X25,Q25) -> 0 | AL25: =SUM(P25,W25,AD25) -> 1035841.5 | AM25: =AF25+Y25+R25 -> 1035841.5 | AN25: =AM25-AJ25 -> 47566.82 | AO25: =AM25/AJ25 -> 1.0481312 | AP25: =IFERROR(VLOOKUP(M25,Basilee24,6,FALSE),"") -> 0 | AQ25: =AS25-AR25 -> 448643.74 | AR25: =IFERROR(VLOOKUP(M25,BASALIM,6,FALSE),"") -> 0 | AS25: =IFERROR(VLOOKUP(M25,BASFC,6,FALSE),"") -> 448643.74 | AT25: =IFERROR(VLOOKUP(M25,Basilee24,7,FALSE),"") -> 0 | AU25: =AW25-AV25 -> 812270.17 | AV25: =IFERROR(VLOOKUP(M25,BASALIM,7,FALSE),"") -> 0 | AW25: =IFERROR(VLOOKUP(M25,BASFC,7,FALSE),"") -> 812270.17 | AX25: =IFERROR(VLOOKUP(M25,Basilee24,8,FALSE),"") -> 0 | AY25: =BA25-AZ25 -> 215072.62 | AZ25: =IFERROR(VLOOKUP(M25,BASALIM,8,FALSE),"") -> 0 | BA25: =IFERROR(VLOOKUP(M25,BASFC,8,FALSE),"") -> 215072.62 | BB25: =BH25+AY25+AU25 -> 2037050.6 | BC25: =BI25+AZ25+AV25 -> 0 | BD25: =BJ25+BA25+AW25 -> 2037050.6 | BE25: =BB25+AL25 -> 3072892.1 | BF25: =BC25+AK25 -> 0 | BG25: =SUM(BD25+AM25) -> 3072892.1 | BH25: =BJ25-BI25 -> 1009707.8 | BI25: =IFERROR(VLOOKUP(M25,BASALIM,9,FALSE),"") -> 0 | BJ25: =IFERROR(VLOOKUP(M25,BASFC,9,FALSE),"") -> 1009707.8 | BK25: =IFERROR(VLOOKUP(M25,Basilee24,10,FALSE),"") -> 129952.11 | BL25: =BN25-BM25 -> 444010.86 | BM25: =IFERROR(VLOOKUP(M25,BASALIM,10,FALSE),"") -> 0 | BN25: =IFERROR(VLOOKUP(M25,BASFC,10,FALSE),"") -> 444010.86 | BO25: =IFERROR(VLOOKUP(M25,Basilee24,11,FALSE),"") -> 48337.65 | BP25: =BR25-BQ25 -> 337188.74 | BQ25: =IFERROR(VLOOKUP(M25,BASALIM,11,FALSE),"") -> 31057.6 | BR25: =IFERROR(VLOOKUP(M25,BASFC,11,FALSE),"") -> 368246.34 | BS25: =BH25+BL25+BP25 -> 1790907.4 | BT25: =SUM(BI25,BM25,BQ25) -> 31057.6 | BU25: =SUM(BJ25,BN25,BR25) -> 1821965 | BV25: =IFERROR(VLOOKUP(M25,Basilee24,12,FALSE),"") -> 412733.35 | BW25: =BY25-BX25 -> 879978.18 | BX25: =IFERROR(VLOOKUP(M25,BASALIM,12,FALSE),"") -> 0 | BY25: =IFERROR(VLOOKUP(M25,BASFC,12,FALSE),"") -> 879978.18 | BZ25: =IFERROR(VLOOKUP(M25,Basilee24,13,FALSE),"") -> 462349.54 | CD25: =IFERROR(VLOOKUP(M25,Basilee24,14,FALSE),"") -> 113191.82 | CI25: TRIMESTRE JULIO - SEPT. CERRADO
A26: =VLOOKUP(M26,BASCART4,3,FALSE) -> 112013916 | B26: =IFERROR(VLOOKUP(M26,BASILECARTERA,2,FALSE),"") -> 7 | C26: =VLOOKUP(B26,DES,2,FALSE) -> 0.1 | D26: =VLOOKUP(B26,DES,3,FALSE) -> 0.2 | E26: =VLOOKUP(B26,DES,4,FALSE) -> 0 | F26: =VLOOKUP(M26,BASILECART2,2,FALSE) -> 7 | G26: =IFERROR(VLOOKUP(F26,DES,2,FALSE),"") -> 0.1 | H26: =IFERROR(VLOOKUP(F26,DES,3,FALSE),"") -> 0.2 | I26: =IFERROR(VLOOKUP(F26,DES,4,FALSE),"") -> 0 | J26: =VLOOKUP(M26,BASCART4,2,FALSE) -> 62 | K26: =IFERROR(VLOOKUP(J26,A458DC1025,2,FALSE),"") -> 0.1 | L26: =IFERROR(VLOOKUP(J26,A458DC1025,3,FALSE),"") -> 0.11 | M26: PERALTA MATIAS/REYNOSO NICOLAS | N26: =IFERROR(VLOOKUP(M26,Basilee24,3,FALSE),"") -> 212346.9 | O26: 1800000 | P26: =R26-Q26 -> 666053.7 | Q26: =IFERROR(VLOOKUP(M26,BASALIM,3,FALSE),"") -> 857103.6 | R26: =IFERROR(VLOOKUP(M26,BASFC,3,FALSE),"") -> 1523157.3 | S26: =R26-O26 -> -276842.7 | T26: =R26/O26 -> 0.8461985 | U26: =IFERROR(VLOOKUP(M26,Basilee24,4,FALSE),"") -> 1574012.6 | V26: 1800000 | W26: =Y26-X26 -> 1337599.3 | X26: =IFERROR(VLOOKUP(M26,BASALIM,4,FALSE),"") -> 0 | Y26: =IFERROR(VLOOKUP(M26,BASFC,4,FALSE),"") -> 1337599.3 | Z26: =Y26-V26 -> -462400.66 | AA26: =Y26/V26 -> 0.74311074 | AB26: =IFERROR(VLOOKUP(M26,Basilee24,5,FALSE),"") -> 800613.48 | AC26: 1800000 | AD26: =AF26-AE26 -> 585757.08 | AE26: =IFERROR(VLOOKUP(M26,BASALIM,5,FALSE),"") -> 664269.71 | AF26: =IFERROR(VLOOKUP(M26,BASFC,5,FALSE),"") -> 1250026.8 | AG26: =AF26-AC26 -> -549973.21 | AH26: =AF26/AC26 -> 0.69445933 | AI26: =SUM(O26,V26,AC26) -> 5400000 | AJ26: =IFERROR(VLOOKUP(M26,trim2024,2,FALSE),"0") -> 4989537.7 | AK26: =SUM(AE26,X26,Q26) -> 1521373.3 | AL26: =SUM(P26,W26,AD26) -> 2589410.1 | AM26: =AF26+Y26+R26 -> 4110783.4 | AN26: =AM26-AJ26 -> -878754.26 | AO26: =AM26/AJ26 -> 0.82388062 | AP26: =IFERROR(VLOOKUP(M26,Basilee24,6,FALSE),"") -> 2108307 | AQ26: =AS26-AR26 -> 940080.21 | AR26: =IFERROR(VLOOKUP(M26,BASALIM,6,FALSE),"") -> 0 | AS26: =IFERROR(VLOOKUP(M26,BASFC,6,FALSE),"") -> 940080.21 | AT26: =IFERROR(VLOOKUP(M26,Basilee24,7,FALSE),"") -> 1140078.3 | AU26: =AW26-AV26 -> 799265.33 | AV26: =IFERROR(VLOOKUP(M26,BASALIM,7,FALSE),"") -> 461471.62 | AW26: =IFERROR(VLOOKUP(M26,BASFC,7,FALSE),"") -> 1260736.9 | AX26: =IFERROR(VLOOKUP(M26,Basilee24,8,FALSE),"") -> 2413895.9 | AY26: =BA26-AZ26 -> 330690.61 | AZ26: =IFERROR(VLOOKUP(M26,BASALIM,8,FALSE),"") -> 630068.08 | BA26: =IFERROR(VLOOKUP(M26,BASFC,8,FALSE),"") -> 960758.69 | BB26: =BH26+AY26+AU26 -> 1165659.8 | BC26: =BI26+AZ26+AV26 -> 1281698.9 | BD26: =BJ26+BA26+AW26 -> 2447358.7 | BE26: =BB26+AL26 -> 3755070 | BF26: =BC26+AK26 -> 2803072.2 | BG26: =SUM(BD26+AM26) -> 6558142.2 | BH26: =BJ26-BI26 -> 35703.89 | BI26: =IFERROR(VLOOKUP(M26,BASALIM,9,FALSE),"") -> 190159.2 | BJ26: =IFERROR(VLOOKUP(M26,BASFC,9,FALSE),"") -> 225863.09 | BK26: =IFERROR(VLOOKUP(M26,Basilee24,10,FALSE),"") -> 643464.02 | BL26: =BN26-BM26 -> 0 | BM26: =IFERROR(VLOOKUP(M26,BASALIM,10,FALSE),"") -> 0 | BN26: =IFERROR(VLOOKUP(M26,BASFC,10,FALSE),"") -> 0 | BO26: =IFERROR(VLOOKUP(M26,Basilee24,11,FALSE),"") -> 2001623.9 | BP26: =BR26-BQ26 -> 1173818.6 | BQ26: =IFERROR(VLOOKUP(M26,BASALIM,11,FALSE),"") -> 68687.1 | BR26: =IFERROR(VLOOKUP(M26,BASFC,11,FALSE),"") -> 1242505.7 | BS26: =BH26+BL26+BP26 -> 1209522.5 | BT26: =SUM(BI26,BM26,BQ26) -> 258846.3 | BU26: =SUM(BJ26,BN26,BR26) -> 1468368.8 | BV26: =IFERROR(VLOOKUP(M26,Basilee24,12,FALSE),"") -> 2703172.7 | BW26: =BY26-BX26 -> 1192827.8 | BX26: =IFERROR(VLOOKUP(M26,BASALIM,12,FALSE),"") -> 578798.25 | BY26: =IFERROR(VLOOKUP(M26,BASFC,12,FALSE),"") -> 1771626 | BZ26: =IFERROR(VLOOKUP(M26,Basilee24,13,FALSE),"") -> 1455626.1 | CD26: =IFERROR(VLOOKUP(M26,Basilee24,14,FALSE),"") -> 830738.93 | CI26: OCTUBRE CERRADO
A27: =VLOOKUP(M27,BASCART4,3,FALSE) -> 112014782 | B27: =IFERROR(VLOOKUP(M27,BASILECARTERA,2,FALSE),"") | C27: =VLOOKUP(B27,DES,2,FALSE) -> #N/A | D27: =VLOOKUP(B27,DES,3,FALSE) -> #N/A | E27: =VLOOKUP(B27,DES,4,FALSE) -> #N/A | F27: =VLOOKUP(M27,BASILECART2,2,FALSE) -> #N/A | G27: =IFERROR(VLOOKUP(F27,DES,2,FALSE),"") | H27: =IFERROR(VLOOKUP(F27,DES,3,FALSE),"") | I27: =IFERROR(VLOOKUP(F27,DES,4,FALSE),"") | J27: =VLOOKUP(M27,BASCART4,2,FALSE) -> 61 | K27: =IFERROR(VLOOKUP(J27,A458DC1025,2,FALSE),"") -> 0.1 | L27: =IFERROR(VLOOKUP(J27,A458DC1025,3,FALSE),"") -> 0.14 | M27: OTTAVIANO GONZALO | N27: =IFERROR(VLOOKUP(M27,Basilee24,3,FALSE),"") | O27: 1800000 | P27: =R27-Q27 -> #VALUE! | Q27: =IFERROR(VLOOKUP(M27,BASALIM,3,FALSE),"") | R27: =IFERROR(VLOOKUP(M27,BASFC,3,FALSE),"") | S27: =R27-O27 -> #VALUE! | T27: =R27/O27 -> #VALUE! | U27: =IFERROR(VLOOKUP(M27,Basilee24,4,FALSE),"") | V27: 1800000 | W27: =Y27-X27 -> #VALUE! | X27: =IFERROR(VLOOKUP(M27,BASALIM,4,FALSE),"") | Y27: =IFERROR(VLOOKUP(M27,BASFC,4,FALSE),"") | Z27: =Y27-V27 -> #VALUE! | AA27: =Y27/V27 -> #VALUE! | AB27: =IFERROR(VLOOKUP(M27,Basilee24,5,FALSE),"") | AC27: 1800000 | AD27: =AF27-AE27 -> #VALUE! | AE27: =IFERROR(VLOOKUP(M27,BASALIM,5,FALSE),"") | AF27: =IFERROR(VLOOKUP(M27,BASFC,5,FALSE),"") | AG27: =AF27-AC27 -> #VALUE! | AH27: =AF27/AC27 -> #VALUE! | AI27: =SUM(O27,V27,AC27) -> 5400000 | AJ27: =IFERROR(VLOOKUP(M27,trim2024,2,FALSE),"0") -> 0 | AK27: =SUM(AE27,X27,Q27) -> 0 | AL27: =SUM(P27,W27,AD27) -> #VALUE! | AM27: =AF27+Y27+R27 -> #VALUE! | AN27: =AM27-AJ27 -> #VALUE! | AO27: =AM27/AJ27 -> #VALUE! | AP27: =IFERROR(VLOOKUP(M27,Basilee24,6,FALSE),"") | AQ27: =AS27-AR27 -> #VALUE! | AR27: =IFERROR(VLOOKUP(M27,BASALIM,6,FALSE),"") | AS27: =IFERROR(VLOOKUP(M27,BASFC,6,FALSE),"") | AT27: =IFERROR(VLOOKUP(M27,Basilee24,7,FALSE),"") | AU27: =AW27-AV27 -> #VALUE! | AV27: =IFERROR(VLOOKUP(M27,BASALIM,7,FALSE),"") | AW27: =IFERROR(VLOOKUP(M27,BASFC,7,FALSE),"") | AX27: =IFERROR(VLOOKUP(M27,Basilee24,8,FALSE),"") | AY27: =BA27-AZ27 -> #VALUE! | AZ27: =IFERROR(VLOOKUP(M27,BASALIM,8,FALSE),"") | BA27: =IFERROR(VLOOKUP(M27,BASFC,8,FALSE),"") | BB27: =BH27+AY27+AU27 -> #VALUE! | BC27: =BI27+AZ27+AV27 -> #VALUE! | BD27: =BJ27+BA27+AW27 -> #VALUE! | BE27: =BB27+AL27 -> #VALUE! | BF27: =BC27+AK27 -> #VALUE! | BG27: =SUM(BD27+AM27) -> #VALUE! | BH27: =BJ27-BI27 -> #VALUE! | BI27: =IFERROR(VLOOKUP(M27,BASALIM,9,FALSE),"") | BJ27: =IFERROR(VLOOKUP(M27,BASFC,9,FALSE),"") | BK27: =IFERROR(VLOOKUP(M27,Basilee24,10,FALSE),"") | BL27: =BN27-BM27 -> #VALUE! | BM27: =IFERROR(VLOOKUP(M27,BASALIM,10,FALSE),"") | BN27: =IFERROR(VLOOKUP(M27,BASFC,10,FALSE),"") | BO27: =IFERROR(VLOOKUP(M27,Basilee24,11,FALSE),"") | BP27: =BR27-BQ27 -> #VALUE! | BQ27: =IFERROR(VLOOKUP(M27,BASALIM,11,FALSE),"") | BR27: =IFERROR(VLOOKUP(M27,BASFC,11,FALSE),"") | BS27: =BH27+BL27+BP27 -> #VALUE! | BT27: =SUM(BI27,BM27,BQ27) -> 0 | BU27: =SUM(BJ27,BN27,BR27) -> 0 | BV27: =IFERROR(VLOOKUP(M27,Basilee24,12,FALSE),"") | BW27: =BY27-BX27 -> #VALUE! | BX27: =IFERROR(VLOOKUP(M27,BASALIM,12,FALSE),"") | BY27: =IFERROR(VLOOKUP(M27,BASFC,12,FALSE),"") | BZ27: =IFERROR(VLOOKUP(M27,Basilee24,13,FALSE),"") | CD27: =IFERROR(VLOOKUP(M27,Basilee24,14,FALSE),"")
A28: =VLOOKUP(M28,BASCART4,3,FALSE) -> 112013915 | B28: =IFERROR(VLOOKUP(M28,BASILECARTERA,2,FALSE),"") -> 7 | C28: =IFERROR(VLOOKUP(B28,DES,2,FALSE),"") -> 0.1 | D28: =IFERROR(VLOOKUP(B28,DES,3,FALSE),"") -> 0.2 | E28: =IFERROR(VLOOKUP(B28,DES,4,FALSE),"") -> 0 | F28: =IFERROR(VLOOKUP(M28,BASILECART2,2,FALSE),"") -> 7 | G28: =IFERROR(VLOOKUP(F28,DES,2,FALSE),"") -> 0.1 | H28: =IFERROR(VLOOKUP(F28,DES,3,FALSE),"") -> 0.2 | I28: =IFERROR(VLOOKUP(F28,DES,4,FALSE),"") -> 0 | J28: =VLOOKUP(M28,BASCART4,2,FALSE) -> 62 | K28: =IFERROR(VLOOKUP(J28,A458DC1025,2,FALSE),"") -> 0.1 | L28: =IFERROR(VLOOKUP(J28,A458DC1025,3,FALSE),"") -> 0.11 | M28: QUARLERI FRANCISCO EDGARDO | N28: =IFERROR(VLOOKUP(M28,Basilee24,3,FALSE),"") -> 0 | O28: 1800000 | P28: =R28-Q28 -> 360502.86 | Q28: =IFERROR(VLOOKUP(M28,BASALIM,3,FALSE),"") -> 471435.36 | R28: =IFERROR(VLOOKUP(M28,BASFC,3,FALSE),"") -> 831938.22 | S28: =R28-O28 -> -968061.78 | T28: =R28/O28 -> 0.4621879 | U28: =IFERROR(VLOOKUP(M28,Basilee24,4,FALSE),"") -> 0 | V28: 1800000 | W28: =Y28-X28 -> 1718231.7 | X28: =IFERROR(VLOOKUP(M28,BASALIM,4,FALSE),"") -> 581279.24 | Y28: =IFERROR(VLOOKUP(M28,BASFC,4,FALSE),"") -> 2299511 | Z28: =Y28-V28 -> 499510.98 | AA28: =Y28/V28 -> 1.2775061 | AB28: =IFERROR(VLOOKUP(M28,Basilee24,5,FALSE),"") -> 0 | AC28: 1800000 | AD28: =AF28-AE28 -> 949022.9 | AE28: =IFERROR(VLOOKUP(M28,BASALIM,5,FALSE),"") -> 500218.73 | AF28: =IFERROR(VLOOKUP(M28,BASFC,5,FALSE),"") -> 1449241.6 | AG28: =AF28-AC28 -> -350758.37 | AH28: =AF28/AC28 -> 0.80513424 | AI28: =SUM(O28,V28,AC28) -> 5400000 | AJ28: =IFERROR(VLOOKUP(M28,trim2024,2,FALSE),"0") -> 2670036.9 | AK28: =SUM(AE28,X28,Q28) -> 1552933.3 | AL28: =SUM(P28,W28,AD28) -> 3027757.5 | AM28: =AF28+Y28+R28 -> 4580690.8 | AN28: =AM28-AJ28 -> 1910654 | AO28: =AM28/AJ28 -> 1.7155909 | AP28: =IFERROR(VLOOKUP(M28,Basilee24,6,FALSE),"") -> 0 | AQ28: =AS28-AR28 -> 442494.67 | AR28: =IFERROR(VLOOKUP(M28,BASALIM,6,FALSE),"") -> 747573.81 | AS28: =IFERROR(VLOOKUP(M28,BASFC,6,FALSE),"") -> 1190068.5 | AT28: =IFERROR(VLOOKUP(M28,Basilee24,7,FALSE),"") -> 0 | AU28: =AW28-AV28 -> 599862.47 | AV28: =IFERROR(VLOOKUP(M28,BASALIM,7,FALSE),"") -> 1010167.4 | AW28: =IFERROR(VLOOKUP(M28,BASFC,7,FALSE),"") -> 1610029.9 | AX28: =IFERROR(VLOOKUP(M28,Basilee24,8,FALSE),"") -> 0 | AY28: =BA28-AZ28 -> 1754711.4 | AZ28: =IFERROR(VLOOKUP(M28,BASALIM,8,FALSE),"") -> 1411560.4 | BA28: =IFERROR(VLOOKUP(M28,BASFC,8,FALSE),"") -> 3166271.8 | BB28: =BH28+AY28+AU28 -> 2473040.2 | BC28: =BI28+AZ28+AV28 -> 3421572.4 | BD28: =BJ28+BA28+AW28 -> 5894612.6 | BE28: =BB28+AL28 -> 5500797.7 | BF28: =BC28+AK28 -> 4974505.8 | BG28: =SUM(BD28+AM28) -> 10475303 | BH28: =BJ28-BI28 -> 118466.27 | BI28: =IFERROR(VLOOKUP(M28,BASALIM,9,FALSE),"") -> 999844.64 | BJ28: =IFERROR(VLOOKUP(M28,BASFC,9,FALSE),"") -> 1118310.9 | BK28: =IFERROR(VLOOKUP(M28,Basilee24,10,FALSE),"") -> 1908273.1 | BL28: =BN28-BM28 -> 173634.39 | BM28: =IFERROR(VLOOKUP(M28,BASALIM,10,FALSE),"") -> 1245006.7 | BN28: =IFERROR(VLOOKUP(M28,BASFC,10,FALSE),"") -> 1418641.1 | BO28: =IFERROR(VLOOKUP(M28,Basilee24,11,FALSE),"") -> 1904582.5 | BP28: =BR28-BQ28 -> 329065.18 | BQ28: =IFERROR(VLOOKUP(M28,BASALIM,11,FALSE),"") -> 1613502.6 | BR28: =IFERROR(VLOOKUP(M28,BASFC,11,FALSE),"") -> 1942567.8 | BS28: =BH28+BL28+BP28 -> 621165.84 | BT28: =SUM(BI28,BM28,BQ28) -> 3858354 | BU28: =SUM(BJ28,BN28,BR28) -> 4479519.8 | BV28: =IFERROR(VLOOKUP(M28,Basilee24,12,FALSE),"") -> 723735 | BW28: =BY28-BX28 -> 181640.34 | BX28: =IFERROR(VLOOKUP(M28,BASALIM,12,FALSE),"") -> 1286827.5 | BY28: =IFERROR(VLOOKUP(M28,BASFC,12,FALSE),"") -> 1468467.8 | BZ28: =IFERROR(VLOOKUP(M28,Basilee24,13,FALSE),"") -> 980849.14 | CD28: =IFERROR(VLOOKUP(M28,Basilee24,14,FALSE),"") -> 965452.72
A29: =VLOOKUP(M29,BASCART4,3,FALSE) -> 112012950 | B29: =IFERROR(VLOOKUP(M29,BASILECARTERA,2,FALSE),"") -> 7 | C29: =IFERROR(VLOOKUP(B29,DES,2,FALSE),"") -> 0.1 | D29: =IFERROR(VLOOKUP(B29,DES,3,FALSE),"") -> 0.2 | E29: =IFERROR(VLOOKUP(B29,DES,4,FALSE),"") -> 0 | F29: =IFERROR(VLOOKUP(M29,BASILECART2,2,FALSE),"") -> 31 | G29: =IFERROR(VLOOKUP(F29,DES,2,FALSE),"") -> 0.1 | H29: =IFERROR(VLOOKUP(F29,DES,3,FALSE),"") -> 0.23 | I29: =IFERROR(VLOOKUP(F29,DES,4,FALSE),"") -> 0 | J29: =VLOOKUP(M29,BASCART4,2,FALSE) -> 61 | K29: =IFERROR(VLOOKUP(J29,A458DC1025,2,FALSE),"") -> 0.1 | L29: =IFERROR(VLOOKUP(J29,A458DC1025,3,FALSE),"") -> 0.14 | M29: ROBERTO ANIBAL PAVON | N29: =IFERROR(VLOOKUP(M29,Basilee24,3,FALSE),"") -> 3008620.7 | P29: =R29-Q29 -> 0 | Q29: =IFERROR(VLOOKUP(M29,BASALIM,3,FALSE),"") -> 0 | R29: =IFERROR(VLOOKUP(M29,BASFC,3,FALSE),"") -> 0 | S29: =R29-O29 -> 0 | T29: =R29/O29 -> #DIV/0! | U29: =IFERROR(VLOOKUP(M29,Basilee24,4,FALSE),"") -> 1373851.7 | W29: =Y29-X29 -> 0 | X29: =IFERROR(VLOOKUP(M29,BASALIM,4,FALSE),"") -> 0 | Y29: =IFERROR(VLOOKUP(M29,BASFC,4,FALSE),"") -> 0 | AB29: =IFERROR(VLOOKUP(M29,Basilee24,5,FALSE),"") -> 3503450.3 | AC29: 600000 | AD29: =AF29-AE29 -> 0 | AE29: =IFERROR(VLOOKUP(M29,BASALIM,5,FALSE),"") -> 2907554.8 | AF29: =IFERROR(VLOOKUP(M29,BASFC,5,FALSE),"") -> 2907554.8 | AG29: =AF29-AC29 -> 2307554.8 | AH29: =IFERROR(AF29/AC29,"") -> 4.8459247 | AI29: =SUM(O29,V29,AC29) -> 600000 | AJ29: =IFERROR(VLOOKUP(M29,trim2024,2,FALSE),"0") -> 13358987 | AK29: =SUM(AE29,X29,Q29) -> 2907554.8 | AL29: =SUM(P29,W29,AD29) -> 0 | AM29: =AF29+Y29+R29 -> 2907554.8 | AN29: =AM29-AJ29 -> -10451432 | AO29: =AM29/AJ29 -> 0.21764785 | AP29: =IFERROR(VLOOKUP(M29,Basilee24,6,FALSE),"") -> 583493.12 | AQ29: =AS29-AR29 -> 45619.29 | AR29: =IFERROR(VLOOKUP(M29,BASALIM,6,FALSE),"") -> 3109137.1 | AS29: =IFERROR(VLOOKUP(M29,BASFC,6,FALSE),"") -> 3154756.4 | AT29: =IFERROR(VLOOKUP(M29,Basilee24,7,FALSE),"") -> 667494 | AU29: =AW29-AV29 -> 22914.68 | AV29: =IFERROR(VLOOKUP(M29,BASALIM,7,FALSE),"") -> 2650551.4 | AW29: =IFERROR(VLOOKUP(M29,BASFC,7,FALSE),"") -> 2673466.1 | AX29: =IFERROR(VLOOKUP(M29,Basilee24,8,FALSE),"") -> 1053119.2 | AY29: =BA29-AZ29 -> 23415.48 | AZ29: =IFERROR(VLOOKUP(M29,BASALIM,8,FALSE),"") -> 4116352.7 | BA29: =IFERROR(VLOOKUP(M29,BASFC,8,FALSE),"") -> 4139768.1 | BB29: =BH29+AY29+AU29 -> 46330.16 | BC29: =BI29+AZ29+AV29 -> 10918160 | BD29: =BJ29+BA29+AW29 -> 10964491 | BE29: =BB29+AL29 -> 46330.16 | BF29: =BC29+AK29 -> 13825715 | BG29: =SUM(BD29+AM29) -> 13872045 | BH29: =BJ29-BI29 -> 0 | BI29: =IFERROR(VLOOKUP(M29,BASALIM,9,FALSE),"") -> 4151256.4 | BJ29: =IFERROR(VLOOKUP(M29,BASFC,9,FALSE),"") -> 4151256.4 | BK29: =IFERROR(VLOOKUP(M29,Basilee24,10,FALSE),"") -> 2351545.6 | BL29: =BN29-BM29 -> 29494.62 | BM29: =IFERROR(VLOOKUP(M29,BASALIM,10,FALSE),"") -> 6381050.3 | BN29: =IFERROR(VLOOKUP(M29,BASFC,10,FALSE),"") -> 6410544.9 | BO29: =IFERROR(VLOOKUP(M29,Basilee24,11,FALSE),"") -> 850764 | BP29: =BR29-BQ29 -> 0 | BQ29: =IFERROR(VLOOKUP(M29,BASALIM,11,FALSE),"") -> 828896.68 | BR29: =IFERROR(VLOOKUP(M29,BASFC,11,FALSE),"") -> 828896.68 | BS29: =BH29+BL29+BP29 -> 29494.62 | BT29: =SUM(BI29,BM29,BQ29) -> 11361203 | BU29: =SUM(BJ29,BN29,BR29) -> 11390698 | BV29: =IFERROR(VLOOKUP(M29,Basilee24,12,FALSE),"") -> 3935287 | BW29: =BY29-BX29 -> 0 | BX29: =IFERROR(VLOOKUP(M29,BASALIM,12,FALSE),"") -> 2476545.2 | BY29: =IFERROR(VLOOKUP(M29,BASFC,12,FALSE),"") -> 2476545.2 | BZ29: =IFERROR(VLOOKUP(M29,Basilee24,13,FALSE),"") -> 3753699.6 | CD29: =IFERROR(VLOOKUP(M29,Basilee24,14,FALSE),"") -> 5670000.3
A30: =VLOOKUP(M30,BASCART4,3,FALSE) -> 112014659 | B30: =IFERROR(VLOOKUP(M30,BASILECARTERA,2,FALSE),"") -> 7 | C30: =IFERROR(VLOOKUP(B30,DES,2,FALSE),"") -> 0.1 | D30: =IFERROR(VLOOKUP(B30,DES,3,FALSE),"") -> 0.2 | E30: =IFERROR(VLOOKUP(B30,DES,4,FALSE),"") -> 0 | F30: =IFERROR(VLOOKUP(M30,BASILECART2,2,FALSE),"") -> 7 | G30: =IFERROR(VLOOKUP(F30,DES,2,FALSE),"") -> 0.1 | H30: =IFERROR(VLOOKUP(F30,DES,3,FALSE),"") -> 0.2 | I30: =IFERROR(VLOOKUP(F30,DES,4,FALSE),"") -> 0 | J30: =VLOOKUP(M30,BASCART4,2,FALSE) -> 62 | K30: =IFERROR(VLOOKUP(J30,A458DC1025,2,FALSE),"") -> 0.1 | L30: =IFERROR(VLOOKUP(J30,A458DC1025,3,FALSE),"") -> 0.11 | M30: VELIZ ACUÑA EDSON GONZALO | N30: =IFERROR(VLOOKUP(M30,Basilee24,3,FALSE),"") | O30: =(N30*1.601)*1.05 -> #VALUE! | P30: =R30-Q30 -> #VALUE! | Q30: =IFERROR(VLOOKUP(M30,BASALIM,3,FALSE),"") | R30: =IFERROR(VLOOKUP(M30,BASFC,3,FALSE),"") -> 0 | S30: =R30-O30 -> #VALUE! | T30: =R30/O30 -> #VALUE! | U30: =IFERROR(VLOOKUP(M30,Basilee24,4,FALSE),"") | V30: =U30*1.7245 -> #VALUE! | W30: =Y30-X30 -> #VALUE! | X30: =IFERROR(VLOOKUP(M30,BASALIM,4,FALSE),"") | Y30: =IFERROR(VLOOKUP(M30,BASFC,4,FALSE),"") -> 1364915.7 | Z30: =Y30-V30 -> #VALUE! | AA30: =IFERROR(Y30/V30,"") | AB30: =IFERROR(VLOOKUP(M30,Basilee24,5,FALSE),"") | AC30: 600000 | AD30: =AF30-AE30 -> #VALUE! | AE30: =IFERROR(VLOOKUP(M30,BASALIM,5,FALSE),"") | AF30: =IFERROR(VLOOKUP(M30,BASFC,5,FALSE),"") -> 0 | AG30: =AF30-AC30 -> -600000 | AH30: =IFERROR(AF30/AC30,"") -> 0 | AI30: =SUM(O30,V30,AC30) -> #VALUE! | AJ30: =IFERROR(VLOOKUP(M30,trim2024,2,FALSE),"0") -> 0 | AK30: =SUM(AE30,X30,Q30) -> 0 | AL30: =SUM(P30,W30,AD30) -> #VALUE! | AM30: =AF30+Y30+R30 -> 1364915.7 | AN30: =AM30-AJ30 -> 1364915.7 | AO30: =AM30/AJ30 -> #DIV/0! | AP30: =IFERROR(VLOOKUP(M30,Basilee24,6,FALSE),"") | AQ30: =AS30-AR30 -> #VALUE! | AR30: =IFERROR(VLOOKUP(M30,BASALIM,6,FALSE),"") | AS30: =IFERROR(VLOOKUP(M30,BASFC,6,FALSE),"") -> 0 | AT30: =IFERROR(VLOOKUP(M30,Basilee24,7,FALSE),"") | AU30: =AW30-AV30 -> #VALUE! | AV30: =IFERROR(VLOOKUP(M30,BASALIM,7,FALSE),"") | AW30: =IFERROR(VLOOKUP(M30,BASFC,7,FALSE),"") -> 767436.52 | AX30: =IFERROR(VLOOKUP(M30,Basilee24,8,FALSE),"") | AY30: =BA30-AZ30 -> #VALUE! | AZ30: =IFERROR(VLOOKUP(M30,BASALIM,8,FALSE),"") | BA30: =IFERROR(VLOOKUP(M30,BASFC,8,FALSE),"") -> 93025.4 | BB30: =BH30+AY30+AU30 -> #VALUE! | BC30: =BI30+AZ30+AV30 -> #VALUE! | BD30: =BJ30+BA30+AW30 -> 860461.92 | BE30: =BB30+AL30 -> #VALUE! | BF30: =BC30+AK30 -> #VALUE! | BG30: =SUM(BD30+AM30) -> 2225377.6 | BH30: =BJ30-BI30 -> #VALUE! | BI30: =IFERROR(VLOOKUP(M30,BASALIM,9,FALSE),"") | BJ30: =IFERROR(VLOOKUP(M30,BASFC,9,FALSE),"") -> 0 | BK30: =IFERROR(VLOOKUP(M30,Basilee24,10,FALSE),"") | BL30: =BN30-BM30 -> #VALUE! | BM30: =IFERROR(VLOOKUP(M30,BASALIM,10,FALSE),"") | BN30: =IFERROR(VLOOKUP(M30,BASFC,10,FALSE),"") -> 104010.37 | BO30: =IFERROR(VLOOKUP(M30,Basilee24,11,FALSE),"") | BP30: =BR30-BQ30 -> #VALUE! | BQ30: =IFERROR(VLOOKUP(M30,BASALIM,11,FALSE),"") | BR30: =IFERROR(VLOOKUP(M30,BASFC,11,FALSE),"") -> 367190.15 | BS30: =BH30+BL30+BP30 -> #VALUE! | BT30: =SUM(BI30,BM30,BQ30) -> 0 | BU30: =SUM(BJ30,BN30,BR30) -> 471200.52 | BV30: =IFERROR(VLOOKUP(M30,Basilee24,12,FALSE),"") | BW30: =BY30-BX30 -> #VALUE! | BX30: =IFERROR(VLOOKUP(M30,BASALIM,12,FALSE),"") | BY30: =IFERROR(VLOOKUP(M30,BASFC,12,FALSE),"") -> 230149.58 | BZ30: =IFERROR(VLOOKUP(M30,Basilee24,13,FALSE),"") | CD30: =IFERROR(VLOOKUP(M30,Basilee24,14,FALSE),"")
A31: =VLOOKUP(M31,BASCART4,3,FALSE) -> 112010764 | B31: =IFERROR(VLOOKUP(M31,BASILECARTERA,2,FALSE),"") -> 22 | C31: =IFERROR(VLOOKUP(B31,DES,2,FALSE),"") -> 0.1 | D31: =IFERROR(VLOOKUP(B31,DES,3,FALSE),"") -> 0.09 | E31: =IFERROR(VLOOKUP(B31,DES,4,FALSE),"") -> 0 | F31: =IFERROR(VLOOKUP(M31,BASILECART2,2,FALSE),"") -> 22 | G31: =IFERROR(VLOOKUP(F31,DES,2,FALSE),"") -> 0.1 | H31: =IFERROR(VLOOKUP(F31,DES,3,FALSE),"") -> 0.09 | I31: =IFERROR(VLOOKUP(F31,DES,4,FALSE),"") -> 0 | J31: =VLOOKUP(M31,BASCART4,2,FALSE) -> 63 | K31: =IFERROR(VLOOKUP(J31,A458DC1025,2,FALSE),"") -> 0.1 | L31: =IFERROR(VLOOKUP(J31,A458DC1025,3,FALSE),"") -> 0.05 | M31: FONTAN NESTOR ALDO | N31: =IFERROR(VLOOKUP(M31,Basilee24,3,FALSE),"") -> 221719.69 | O31: =(N31*1.601)*1.05 -> 372721.88 | P31: =R31-Q31 -> #VALUE! | Q31: =IFERROR(VLOOKUP(M31,BASALIM,3,FALSE),"") | R31: =IFERROR(VLOOKUP(M31,BASFC,3,FALSE),"") -> 0 | S31: =R31-O31 -> -372721.88 | T31: =R31/O31 -> 0 | U31: =IFERROR(VLOOKUP(M31,Basilee24,4,FALSE),"") -> 143978.52 | V31: =U31*1.7245 -> 248290.96 | W31: =Y31-X31 -> #VALUE! | X31: =IFERROR(VLOOKUP(M31,BASALIM,4,FALSE),"") | Y31: =IFERROR(VLOOKUP(M31,BASFC,4,FALSE),"") -> 0 | Z31: =Y31-V31 -> -248290.96 | AA31: =Y31/V31 -> 0 | AB31: =IFERROR(VLOOKUP(M31,Basilee24,5,FALSE),"") -> 155200.71 | AC31: =(AB31*1.5955)*1.03 -> 255051.41 | AD31: =AF31-AE31 -> #VALUE! | AE31: =IFERROR(VLOOKUP(M31,BASALIM,5,FALSE),"") | AF31: =IFERROR(VLOOKUP(M31,BASFC,5,FALSE),"") -> 263254.6 | AG31: =AF31-AC31 -> 8203.1852 | AH31: =IFERROR(AF31/AC31,"") -> 1.0321629 | AI31: =SUM(O31,V31,AC31) -> 876064.26 | AJ31: =IFERROR(VLOOKUP(M31,trim2024,2,FALSE),"0") -> 1491634.6 | AK31: =SUM(AE31,X31,Q31) -> 0 | AL31: =SUM(P31,W31,AD31) -> #VALUE! | AM31: =AF31+Y31+R31 -> 263254.6 | AN31: =AM31-AJ31 -> -1228380 | AO31: =AM31/AJ31 -> 0.17648732 | AP31: =IFERROR(VLOOKUP(M31,Basilee24,6,FALSE),"") -> 194984.21 | AQ31: =AS31-AR31 -> #VALUE! | AR31: =IFERROR(VLOOKUP(M31,BASALIM,6,FALSE),"") | AS31: =IFERROR(VLOOKUP(M31,BASFC,6,FALSE),"") -> 424687.13 | AT31: =IFERROR(VLOOKUP(M31,Basilee24,7,FALSE),"") -> 277576.1 | AU31: =AW31-AV31 -> #VALUE! | AV31: =IFERROR(VLOOKUP(M31,BASALIM,7,FALSE),"") | AW31: =IFERROR(VLOOKUP(M31,BASFC,7,FALSE),"") -> 372851.51 | AX31: =IFERROR(VLOOKUP(M31,Basilee24,8,FALSE),"") -> 266203.91 | AY31: =BA31-AZ31 -> #VALUE! | AZ31: =IFERROR(VLOOKUP(M31,BASALIM,8,FALSE),"") | BA31: =IFERROR(VLOOKUP(M31,BASFC,8,FALSE),"") -> 231563.23 | BB31: =BH31+AY31+AU31 -> #VALUE! | BC31: =BI31+AZ31+AV31 -> #VALUE! | BD31: =BJ31+BA31+AW31 -> 1047031.1 | BE31: =BB31+AL31 -> #VALUE! | BF31: =BC31+AK31 -> #VALUE! | BG31: =SUM(BD31+AM31) -> 1310285.7 | BH31: =BJ31-BI31 -> #VALUE! | BI31: =IFERROR(VLOOKUP(M31,BASALIM,9,FALSE),"") | BJ31: =IFERROR(VLOOKUP(M31,BASFC,9,FALSE),"") -> 442616.38 | BK31: =IFERROR(VLOOKUP(M31,Basilee24,10,FALSE),"") -> 326256.53 | BL31: =BN31-BM31 -> #VALUE! | BM31: =IFERROR(VLOOKUP(M31,BASALIM,10,FALSE),"") | BN31: =IFERROR(VLOOKUP(M31,BASFC,10,FALSE),"") -> 352749.66 | BO31: =IFERROR(VLOOKUP(M31,Basilee24,11,FALSE),"") -> 161583.23 | BP31: =BR31-BQ31 -> #VALUE! | BQ31: =IFERROR(VLOOKUP(M31,BASALIM,11,FALSE),"") | BR31: =IFERROR(VLOOKUP(M31,BASFC,11,FALSE),"") -> 877740.58 | BS31: =BH31+BL31+BP31 -> #VALUE! | BT31: =SUM(BI31,BM31,BQ31) -> 0 | BU31: =SUM(BJ31,BN31,BR31) -> 1673106.6 | BV31: =IFERROR(VLOOKUP(M31,Basilee24,12,FALSE),"") -> 750570.78 | BW31: =BY31-BX31 -> #VALUE! | BX31: =IFERROR(VLOOKUP(M31,BASALIM,12,FALSE),"") | BY31: =IFERROR(VLOOKUP(M31,BASFC,12,FALSE),"") -> 467355.85 | BZ31: =IFERROR(VLOOKUP(M31,Basilee24,13,FALSE),"") -> 568070 | CD31: =IFERROR(VLOOKUP(M31,Basilee24,14,FALSE),"") -> 172993.86
A32: =VLOOKUP(M32,BASCART4,3,FALSE) -> 112014462 | B32: =IFERROR(VLOOKUP(M32,BASILECARTERA,2,FALSE),"") -> 22 | C32: =VLOOKUP(B32,DES,2,FALSE) -> 0.1 | D32: =VLOOKUP(B32,DES,3,FALSE) -> 0.09 | E32: =VLOOKUP(B32,DES,4,FALSE) -> 0 | F32: =VLOOKUP(M32,BASILECART2,2,FALSE) -> 22 | G32: =IFERROR(VLOOKUP(F32,DES,2,FALSE),"") -> 0.1 | H32: =IFERROR(VLOOKUP(F32,DES,3,FALSE),"") -> 0.09 | I32: =IFERROR(VLOOKUP(F32,DES,4,FALSE),"") -> 0 | J32: =VLOOKUP(M32,BASCART4,2,FALSE) -> 63 | K32: =IFERROR(VLOOKUP(J32,A458DC1025,2,FALSE),"") -> 0.1 | L32: =IFERROR(VLOOKUP(J32,A458DC1025,3,FALSE),"") -> 0.05 | M32: MAMANI NADIA LUCIANA | N32: =IFERROR(VLOOKUP(M32,Basilee24,3,FALSE),"") -> 0 | O32: 1800000 | P32: =R32-Q32 -> #VALUE! | Q32: =IFERROR(VLOOKUP(M32,BASALIM,3,FALSE),"") | R32: =IFERROR(VLOOKUP(M32,BASFC,3,FALSE),"") -> 863364.41 | S32: =R32-O32 -> -936635.59 | T32: =R32/O32 -> 0.47964689 | U32: =IFERROR(VLOOKUP(M32,Basilee24,4,FALSE),"") -> 0 | V32: 1800000 | W32: =Y32-X32 -> #VALUE! | X32: =IFERROR(VLOOKUP(M32,BASALIM,4,FALSE),"") | Y32: =IFERROR(VLOOKUP(M32,BASFC,4,FALSE),"") -> 525298.24 | Z32: =Y32-V32 -> -1274701.8 | AA32: =Y32/V32 -> 0.29183236 | AB32: =IFERROR(VLOOKUP(M32,Basilee24,5,FALSE),"") -> 0 | AC32: 1800000 | AD32: =AF32-AE32 -> #VALUE! | AE32: =IFERROR(VLOOKUP(M32,BASALIM,5,FALSE),"") | AF32: =IFERROR(VLOOKUP(M32,BASFC,5,FALSE),"") -> 249999.16 | AG32: =AF32-AC32 -> -1550000.8 | AH32: =AF32/AC32 -> 0.13888842 | AI32: =SUM(O32,V32,AC32) -> 5400000 | AJ32: =IFERROR(VLOOKUP(M32,trim2024,2,FALSE),"0") -> 1667407.5 | AK32: =SUM(AE32,X32,Q32) -> 0 | AL32: =SUM(P32,W32,AD32) -> #VALUE! | AM32: =AF32+Y32+R32 -> 1638661.8 | AN32: =AM32-AJ32 -> -28745.69 | AO32: =AM32/AJ32 -> 0.98276025 | AP32: =IFERROR(VLOOKUP(M32,Basilee24,6,FALSE),"") -> 0 | AQ32: =AS32-AR32 -> #VALUE! | AR32: =IFERROR(VLOOKUP(M32,BASALIM,6,FALSE),"") | AS32: =IFERROR(VLOOKUP(M32,BASFC,6,FALSE),"") -> 845605.17 | AT32: =IFERROR(VLOOKUP(M32,Basilee24,7,FALSE),"") -> 0 | AU32: =AW32-AV32 -> #VALUE! | AV32: =IFERROR(VLOOKUP(M32,BASALIM,7,FALSE),"") | AW32: =IFERROR(VLOOKUP(M32,BASFC,7,FALSE),"") -> 204130.91 | AX32: =IFERROR(VLOOKUP(M32,Basilee24,8,FALSE),"") -> 158336.45 | AY32: =BA32-AZ32 -> #VALUE! | AZ32: =IFERROR(VLOOKUP(M32,BASALIM,8,FALSE),"") | BA32: =IFERROR(VLOOKUP(M32,BASFC,8,FALSE),"") -> 255862.08 | BB32: =BH32+AY32+AU32 -> #VALUE! | BC32: =BI32+AZ32+AV32 -> #VALUE! | BD32: =BJ32+BA32+AW32 -> 1043307.9 | BE32: =BB32+AL32 -> #VALUE! | BF32: =BC32+AK32 -> #VALUE! | BG32: =SUM(BD32+AM32) -> 2681969.7 | BH32: =BJ32-BI32 -> #VALUE! | BI32: =IFERROR(VLOOKUP(M32,BASALIM,9,FALSE),"") | BJ32: =IFERROR(VLOOKUP(M32,BASFC,9,FALSE),"") -> 583314.9 | BK32: =IFERROR(VLOOKUP(M32,Basilee24,10,FALSE),"") -> 407389.41 | BL32: =BN32-BM32 -> #VALUE! | BM32: =IFERROR(VLOOKUP(M32,BASALIM,10,FALSE),"") | BN32: =IFERROR(VLOOKUP(M32,BASFC,10,FALSE),"") -> 451821.25 | BO32: =IFERROR(VLOOKUP(M32,Basilee24,11,FALSE),"") -> 445134.41 | BP32: =BR32-BQ32 -> #VALUE! | BQ32: =IFERROR(VLOOKUP(M32,BASALIM,11,FALSE),"") | BR32: =IFERROR(VLOOKUP(M32,BASFC,11,FALSE),"") -> 637726.83 | BS32: =BH32+BL32+BP32 -> #VALUE! | BT32: =SUM(BI32,BM32,BQ32) -> 0 | BU32: =SUM(BJ32,BN32,BR32) -> 1672863 | BV32: =IFERROR(VLOOKUP(M32,Basilee24,12,FALSE),"") -> 527577.56 | BW32: =BY32-BX32 -> #VALUE! | BX32: =IFERROR(VLOOKUP(M32,BASALIM,12,FALSE),"") | BY32: =IFERROR(VLOOKUP(M32,BASFC,12,FALSE),"") -> 231565.91 | BZ32: =IFERROR(VLOOKUP(M32,Basilee24,13,FALSE),"") -> 744479.17 | CD32: =IFERROR(VLOOKUP(M32,Basilee24,14,FALSE),"") -> 395350.77
A33: =VLOOKUP(M33,BASCART4,3,FALSE) -> 112013141 | B33: =IFERROR(VLOOKUP(M33,BASILECARTERA,2,FALSE),"") -> 22 | C33: =IFERROR(VLOOKUP(B33,DES,2,FALSE),"") -> 0.1 | D33: =IFERROR(VLOOKUP(B33,DES,3,FALSE),"") -> 0.09 | E33: =IFERROR(VLOOKUP(B33,DES,4,FALSE),"") -> 0 | F33: =VLOOKUP(M33,BASILECART2,2,FALSE) -> 22 | G33: =IFERROR(VLOOKUP(F33,DES,2,FALSE),"") -> 0.1 | H33: =IFERROR(VLOOKUP(F33,DES,3,FALSE),"") -> 0.09 | I33: =IFERROR(VLOOKUP(F33,DES,4,FALSE),"") -> 0 | J33: =VLOOKUP(M33,BASCART4,2,FALSE) -> 63 | K33: =IFERROR(VLOOKUP(J33,A458DC1025,2,FALSE),"") -> 0.1 | L33: =IFERROR(VLOOKUP(J33,A458DC1025,3,FALSE),"") -> 0.05 | M33: PEÑA PAMELA GRACIELA | N33: =IFERROR(VLOOKUP(M33,Basilee24,3,FALSE),"") -> 841248.94 | O33: =(N33*1.601)*1.05 -> 1414181.5 | P33: =R33-Q33 -> #VALUE! | Q33: =IFERROR(VLOOKUP(M33,BASALIM,3,FALSE),"") | R33: =IFERROR(VLOOKUP(M33,BASFC,3,FALSE),"") -> 1990233.1 | S33: =R33-O33 -> 576051.55 | T33: =R33/O33 -> 1.4073392 | U33: =IFERROR(VLOOKUP(M33,Basilee24,4,FALSE),"") -> 446164.33 | V33: =U33*1.7245 -> 769410.39 | W33: =Y33-X33 -> #VALUE! | X33: =IFERROR(VLOOKUP(M33,BASALIM,4,FALSE),"") | Y33: =IFERROR(VLOOKUP(M33,BASFC,4,FALSE),"") -> 1617201.5 | Z33: =Y33-V33 -> 847791.07 | AA33: =Y33/V33 -> 2.1018711 | AB33: =IFERROR(VLOOKUP(M33,Basilee24,5,FALSE),"") -> 420796.93 | AC33: =(AB33*1.5955)*1.03 -> 691522.95 | AD33: =AF33-AE33 -> #VALUE! | AE33: =IFERROR(VLOOKUP(M33,BASALIM,5,FALSE),"") | AF33: =IFERROR(VLOOKUP(M33,BASFC,5,FALSE),"") -> 1977028.5 | AG33: =AF33-AC33 -> 1285505.6 | AH33: =AF33/AC33 -> 2.8589486 | AI33: =SUM(O33,V33,AC33) -> 2875114.9 | AJ33: =IFERROR(VLOOKUP(M33,trim2024,2,FALSE),"0") -> 4965070 | AK33: =SUM(AE33,X33,Q33) -> 0 | AL33: =SUM(P33,W33,AD33) -> #VALUE! | AM33: =AF33+Y33+R33 -> 5584463.1 | AN33: =AM33-AJ33 -> 619393.11 | AO33: =AM33/AJ33 -> 1.1247501 | AP33: =IFERROR(VLOOKUP(M33,Basilee24,6,FALSE),"") -> 157124.49 | AQ33: =AS33-AR33 -> #VALUE! | AR33: =IFERROR(VLOOKUP(M33,BASALIM,6,FALSE),"") | AS33: =IFERROR(VLOOKUP(M33,BASFC,6,FALSE),"") -> 1278828.6 | AT33: =IFERROR(VLOOKUP(M33,Basilee24,7,FALSE),"") -> 754564.18 | AU33: =AW33-AV33 -> #VALUE! | AV33: =IFERROR(VLOOKUP(M33,BASALIM,7,FALSE),"") | AW33: =IFERROR(VLOOKUP(M33,BASFC,7,FALSE),"") -> 1461196.4 | AX33: =IFERROR(VLOOKUP(M33,Basilee24,8,FALSE),"") -> 417120.9 | AY33: =BA33-AZ33 -> #VALUE! | AZ33: =IFERROR(VLOOKUP(M33,BASALIM,8,FALSE),"") | BA33: =IFERROR(VLOOKUP(M33,BASFC,8,FALSE),"") -> 123743.46 | BB33: =BH33+AY33+AU33 -> #VALUE! | BC33: =BI33+AZ33+AV33 -> #VALUE! | BD33: =BJ33+BA33+AW33 -> 2463732.1 | BE33: =BB33+AL33 -> #VALUE! | BF33: =BC33+AK33 -> #VALUE! | BG33: =SUM(BD33+AM33) -> 8048195.2 | BH33: =BJ33-BI33 -> #VALUE! | BI33: =IFERROR(VLOOKUP(M33,BASALIM,9,FALSE),"") | BJ33: =IFERROR(VLOOKUP(M33,BASFC,9,FALSE),"") -> 878792.21 | BK33: =IFERROR(VLOOKUP(M33,Basilee24,10,FALSE),"") -> 556570.72 | BL33: =BN33-BM33 -> #VALUE! | BM33: =IFERROR(VLOOKUP(M33,BASALIM,10,FALSE),"") | BN33: =IFERROR(VLOOKUP(M33,BASFC,10,FALSE),"") -> 1963657.6 | BO33: =IFERROR(VLOOKUP(M33,Basilee24,11,FALSE),"") -> 452283.53 | BP33: =BR33-BQ33 -> #VALUE! | BQ33: =IFERROR(VLOOKUP(M33,BASALIM,11,FALSE),"") | BR33: =IFERROR(VLOOKUP(M33,BASFC,11,FALSE),"") -> 1140447 | BS33: =BH33+BL33+BP33 -> #VALUE! | BT33: =SUM(BI33,BM33,BQ33) -> 0 | BU33: =SUM(BJ33,BN33,BR33) -> 3982896.8 | BV33: =IFERROR(VLOOKUP(M33,Basilee24,12,FALSE),"") -> 1791239.5 | BW33: =BY33-BX33 -> #VALUE! | BX33: =IFERROR(VLOOKUP(M33,BASALIM,12,FALSE),"") | BY33: =IFERROR(VLOOKUP(M33,BASFC,12,FALSE),"") -> 3610352.3 | BZ33: =IFERROR(VLOOKUP(M33,Basilee24,13,FALSE),"") -> 1166210.4 | CD33: =IFERROR(VLOOKUP(M33,Basilee24,14,FALSE),"") -> 2007620
A34: =VLOOKUP(M34,BASCART4,3,FALSE) -> 112012844 | B34: =IFERROR(VLOOKUP(M34,BASILECARTERA,2,FALSE),"") -> 22 | C34: =IFERROR(VLOOKUP(B34,DES,2,FALSE),"") -> 0.1 | D34: =IFERROR(VLOOKUP(B34,DES,3,FALSE),"") -> 0.09 | E34: =IFERROR(VLOOKUP(B34,DES,4,FALSE),"") -> 0 | F34: =VLOOKUP(M34,BASILECART2,2,FALSE) -> 22 | G34: =IFERROR(VLOOKUP(F34,DES,2,FALSE),"") -> 0.1 | H34: =IFERROR(VLOOKUP(F34,DES,3,FALSE),"") -> 0.09 | I34: =IFERROR(VLOOKUP(F34,DES,4,FALSE),"") -> 0 | J34: =VLOOKUP(M34,BASCART4,2,FALSE) -> 63 | K34: =IFERROR(VLOOKUP(J34,A458DC1025,2,FALSE),"") -> 0.1 | L34: =IFERROR(VLOOKUP(J34,A458DC1025,3,FALSE),"") -> 0.05 | M34: SCHIUMA RUBEN ALBERTO | N34: =IFERROR(VLOOKUP(M34,Basilee24,3,FALSE),"") -> 1663677.2 | O34: =(N34*1.601)*1.05 -> 2796724.5 | P34: =R34-Q34 -> 4794971.6 | Q34: =IFERROR(VLOOKUP(M34,BASALIM,3,FALSE),"") -> 66000 | R34: =IFERROR(VLOOKUP(M34,BASFC,3,FALSE),"") -> 4860971.6 | S34: =R34-O34 -> 2064247.1 | T34: =R34/O34 -> 1.7380945 | U34: =IFERROR(VLOOKUP(M34,Basilee24,4,FALSE),"") -> 1510393.8 | V34: 1800000 | W34: =Y34-X34 -> 3569147 | X34: =IFERROR(VLOOKUP(M34,BASALIM,4,FALSE),"") -> 19165.26 | Y34: =IFERROR(VLOOKUP(M34,BASFC,4,FALSE),"") -> 3588312.3 | Z34: =Y34-V34 -> 1788312.3 | AA34: =Y34/V34 -> 1.9935068 | AB34: =IFERROR(VLOOKUP(M34,Basilee24,5,FALSE),"") -> 952974.97 | AC34: =(AB34*1.5955)*1.03 -> 1566085.7 | AD34: =AF34-AE34 -> 3698118.1 | AE34: =IFERROR(VLOOKUP(M34,BASALIM,5,FALSE),"") -> 19165.26 | AF34: =IFERROR(VLOOKUP(M34,BASFC,5,FALSE),"") -> 3717283.4 | AG34: =AF34-AC34 -> 2151197.6 | AH34: =AF34/AC34 -> 2.3736142 | AI34: =SUM(O34,V34,AC34) -> 6162810.2 | AJ34: =IFERROR(VLOOKUP(M34,trim2024,2,FALSE),"0") -> 8032997.1 | AK34: =SUM(AE34,X34,Q34) -> 104330.52 | AL34: =SUM(P34,W34,AD34) -> 12062237 | AM34: =AF34+Y34+R34 -> 12166567 | AN34: =AM34-AJ34 -> 4133570.1 | AO34: =AM34/AJ34 -> 1.5145738 | AP34: =IFERROR(VLOOKUP(M34,Basilee24,6,FALSE),"") -> 1810219.4 | AQ34: =AS34-AR34 -> 2628601.3 | AR34: =IFERROR(VLOOKUP(M34,BASALIM,6,FALSE),"") -> 0 | AS34: =IFERROR(VLOOKUP(M34,BASFC,6,FALSE),"") -> 2628601.3 | AT34: =IFERROR(VLOOKUP(M34,Basilee24,7,FALSE),"") -> 1545920.2 | AU34: =AW34-AV34 -> 2399337.8 | AV34: =IFERROR(VLOOKUP(M34,BASALIM,7,FALSE),"") -> 31057.6 | AW34: =IFERROR(VLOOKUP(M34,BASFC,7,FALSE),"") -> 2430395.4 | AX34: =IFERROR(VLOOKUP(M34,Basilee24,8,FALSE),"") -> 1361684.1 | AY34: =BA34-AZ34 -> 1808579.2 | AZ34: =IFERROR(VLOOKUP(M34,BASALIM,8,FALSE),"") -> 0 | BA34: =IFERROR(VLOOKUP(M34,BASFC,8,FALSE),"") -> 1808579.2 | BB34: =BH34+AY34+AU34 -> 6578972.1 | BC34: =BI34+AZ34+AV34 -> 31057.6 | BD34: =BJ34+BA34+AW34 -> 6610029.7 | BE34: =BB34+AL34 -> 18641209 | BF34: =BC34+AK34 -> 135388.12 | BG34: =SUM(BD34+AM34) -> 18776597 | BH34: =BJ34-BI34 -> 2371055.2 | BI34: =IFERROR(VLOOKUP(M34,BASALIM,9,FALSE),"") -> 0 | BJ34: =IFERROR(VLOOKUP(M34,BASFC,9,FALSE),"") -> 2371055.2 | BK34: =IFERROR(VLOOKUP(M34,Basilee24,10,FALSE),"") -> 2757725.2 | BL34: =BN34-BM34 -> 1916292.2 | BM34: =IFERROR(VLOOKUP(M34,BASALIM,10,FALSE),"") -> 40616.59 | BN34: =IFERROR(VLOOKUP(M34,BASFC,10,FALSE),"") -> 1956908.8 | BO34: =IFERROR(VLOOKUP(M34,Basilee24,11,FALSE),"") -> 1578101.4 | BP34: =BR34-BQ34 -> 3322838.9 | BQ34: =IFERROR(VLOOKUP(M34,BASALIM,11,FALSE),"") -> 43865.98 | BR34: =IFERROR(VLOOKUP(M34,BASFC,11,FALSE),"") -> 3366704.9 | BS34: =BH34+BL34+BP34 -> 7610186.3 | BT34: =SUM(BI34,BM34,BQ34) -> 84482.57 | BU34: =SUM(BJ34,BN34,BR34) -> 7694668.9 | BV34: =IFERROR(VLOOKUP(M34,Basilee24,12,FALSE),"") -> 3129514.2 | BW34: =BY34-BX34 -> 5220173.5 | BX34: =IFERROR(VLOOKUP(M34,BASALIM,12,FALSE),"") -> 0 | BY34: =IFERROR(VLOOKUP(M34,BASFC,12,FALSE),"") -> 5220173.5 | BZ34: =IFERROR(VLOOKUP(M34,Basilee24,13,FALSE),"") -> 2148288.5 | CD34: =IFERROR(VLOOKUP(M34,Basilee24,14,FALSE),"") -> 2755194.4
A35: =VLOOKUP(M35,BASCART4,3,FALSE) -> 112013040 | B35: =IFERROR(VLOOKUP(M35,BASILECARTERA,2,FALSE),"") -> 22 | C35: =IFERROR(VLOOKUP(B35,DES,2,FALSE),"") -> 0.1 | D35: =IFERROR(VLOOKUP(B35,DES,3,FALSE),"") -> 0.09 | E35: =IFERROR(VLOOKUP(B35,DES,4,FALSE),"") -> 0 | F35: =IFERROR(VLOOKUP(M35,BASILECART2,2,FALSE),"") -> 22 | G35: =IFERROR(VLOOKUP(F35,DES,2,FALSE),"") -> 0.1 | H35: =IFERROR(VLOOKUP(F35,DES,3,FALSE),"") -> 0.09 | I35: =IFERROR(VLOOKUP(F35,DES,4,FALSE),"") -> 0 | J35: =VLOOKUP(M35,BASCART4,2,FALSE) -> 63 | K35: =IFERROR(VLOOKUP(J35,A458DC1025,2,FALSE),"") -> 0.1 | L35: =IFERROR(VLOOKUP(J35,A458DC1025,3,FALSE),"") -> 0.05 | M35: TORRES LORENA SILVIA | N35: =IFERROR(VLOOKUP(M35,Basilee24,3,FALSE),"") -> 461254.08 | O35: 1800000 | P35: =R35-Q35 -> 1219003 | Q35: =IFERROR(VLOOKUP(M35,BASALIM,3,FALSE),"") -> 0 | R35: =IFERROR(VLOOKUP(M35,BASFC,3,FALSE),"") -> 1219003 | S35: =R35-O35 -> -580997.03 | T35: =R35/O35 -> 0.67722387 | U35: =IFERROR(VLOOKUP(M35,Basilee24,4,FALSE),"") -> 239012.65 | V35: 1800000 | W35: =Y35-X35 -> 0 | X35: =IFERROR(VLOOKUP(M35,BASALIM,4,FALSE),"") -> 0 | Y35: =IFERROR(VLOOKUP(M35,BASFC,4,FALSE),"") -> 0 | Z35: =Y35-V35 -> -1800000 | AA35: =Y35/V35 -> 0 | AB35: =IFERROR(VLOOKUP(M35,Basilee24,5,FALSE),"") -> 0 | AC35: 1800000 | AD35: =AF35-AE35 -> 729643.48 | AE35: =IFERROR(VLOOKUP(M35,BASALIM,5,FALSE),"") -> 0 | AF35: =IFERROR(VLOOKUP(M35,BASFC,5,FALSE),"") -> 729643.48 | AG35: =AF35-AC35 -> -1070356.5 | AH35: =AF35/AC35 -> 0.40535749 | AI35: =SUM(O35,V35,AC35) -> 5400000 | AJ35: =IFERROR(VLOOKUP(M35,trim2024,2,FALSE),"0") -> 2017946.4 | AK35: =SUM(AE35,X35,Q35) -> 0 | AL35: =SUM(P35,W35,AD35) -> 1948646.4 | AM35: =AF35+Y35+R35 -> 1948646.4 | AN35: =AM35-AJ35 -> -69300 | AO35: =AM35/AJ35 -> 0.96565816 | AP35: =IFERROR(VLOOKUP(M35,Basilee24,6,FALSE),"") -> 0 | AQ35: =AS35-AR35 -> 545812.99 | AR35: =IFERROR(VLOOKUP(M35,BASALIM,6,FALSE),"") -> 32132.59 | AS35: =IFERROR(VLOOKUP(M35,BASFC,6,FALSE),"") -> 577945.58 | AT35: =IFERROR(VLOOKUP(M35,Basilee24,7,FALSE),"") -> 141916.52 | AU35: =AW35-AV35 -> -5882.73 | AV35: =IFERROR(VLOOKUP(M35,BASALIM,7,FALSE),"") -> 0 | AW35: =IFERROR(VLOOKUP(M35,BASFC,7,FALSE),"") -> -5882.73 | AX35: =IFERROR(VLOOKUP(M35,Basilee24,8,FALSE),"") -> 485001.88 | AY35: =BA35-AZ35 -> 1328991.3 | AZ35: =IFERROR(VLOOKUP(M35,BASALIM,8,FALSE),"") -> 0 | BA35: =IFERROR(VLOOKUP(M35,BASFC,8,FALSE),"") -> 1328991.3 | BB35: =BH35+AY35+AU35 -> 2828248 | BC35: =BI35+AZ35+AV35 -> 0 | BD35: =BJ35+BA35+AW35 -> 2828248 | BE35: =BB35+AL35 -> 4776894.4 | BF35: =BC35+AK35 -> 0 | BG35: =SUM(BD35+AM35) -> 4776894.4 | BH35: =BJ35-BI35 -> 1505139.4 | BI35: =IFERROR(VLOOKUP(M35,BASALIM,9,FALSE),"") -> 0 | BJ35: =IFERROR(VLOOKUP(M35,BASFC,9,FALSE),"") -> 1505139.4 | BK35: =IFERROR(VLOOKUP(M35,Basilee24,10,FALSE),"") -> 413187.42 | BL35: =BN35-BM35 -> 1064294.2 | BM35: =IFERROR(VLOOKUP(M35,BASALIM,10,FALSE),"") -> 0 | BN35: =IFERROR(VLOOKUP(M35,BASFC,10,FALSE),"") -> 1064294.2 | BO35: =IFERROR(VLOOKUP(M35,Basilee24,11,FALSE),"") -> 1139208.8 | BP35: =BR35-BQ35 -> 1327462.5 | BQ35: =IFERROR(VLOOKUP(M35,BASALIM,11,FALSE),"") -> 0 | BR35: =IFERROR(VLOOKUP(M35,BASFC,11,FALSE),"") -> 1327462.5 | BS35: =BH35+BL35+BP35 -> 3896896.1 | BT35: =SUM(BI35,BM35,BQ35) -> 0 | BU35: =SUM(BJ35,BN35,BR35) -> 3896896.1 | BV35: =IFERROR(VLOOKUP(M35,Basilee24,12,FALSE),"") -> 588582.37 | BW35: =BY35-BX35 -> 1819992.4 | BX35: =IFERROR(VLOOKUP(M35,BASALIM,12,FALSE),"") -> 0 | BY35: =IFERROR(VLOOKUP(M35,BASFC,12,FALSE),"") -> 1819992.4 | BZ35: =IFERROR(VLOOKUP(M35,Basilee24,13,FALSE),"") -> 381002.57 | CD35: =IFERROR(VLOOKUP(M35,Basilee24,14,FALSE),"") -> 1048361.5
A36: =VLOOKUP(M36,BASCART4,3,FALSE) -> 112012231 | B36: =IFERROR(VLOOKUP(M36,BASILECARTERA,2,FALSE),"") -> 1 | C36: =IFERROR(VLOOKUP(B36,DES,2,FALSE),"") -> Lista | D36: =IFERROR(VLOOKUP(B36,DES,3,FALSE),"") -> 0.09 | E36: =IFERROR(VLOOKUP(B36,DES,4,FALSE),"") -> 0 | F36: =IFERROR(VLOOKUP(M36,BASILECART2,2,FALSE),"") -> 22 | G36: =IFERROR(VLOOKUP(F36,DES,2,FALSE),"") -> 0.1 | H36: =IFERROR(VLOOKUP(F36,DES,3,FALSE),"") -> 0.09 | I36: =IFERROR(VLOOKUP(F36,DES,4,FALSE),"") -> 0 | J36: =VLOOKUP(M36,BASCART4,2,FALSE) -> 63 | K36: =IFERROR(VLOOKUP(J36,A458DC1025,2,FALSE),"") -> 0.1 | L36: =IFERROR(VLOOKUP(J36,A458DC1025,3,FALSE),"") -> 0.05 | M36: LIER AMELIA/ROMUALDO CESAR | N36: =IFERROR(VLOOKUP(M36,Basilee24,3,FALSE),"") -> 1827241.5 | O36: =(N36*1.601)*1.05 -> 3071684.3 | P36: =R36-Q36 -> 507144.09 | Q36: =IFERROR(VLOOKUP(M36,BASALIM,3,FALSE),"") -> 311634.38 | R36: =IFERROR(VLOOKUP(M36,BASFC,3,FALSE),"") -> 818778.47 | S36: =R36-O36 -> -2252905.8 | T36: =R36/O36 -> 0.26655685 | U36: =IFERROR(VLOOKUP(M36,Basilee24,4,FALSE),"") -> 855394.18 | V36: =U36*1.7245 -> 1475127.3 | W36: =Y36-X36 -> 379336.55 | X36: =IFERROR(VLOOKUP(M36,BASALIM,4,FALSE),"") -> 222075.9 | Y36: =IFERROR(VLOOKUP(M36,BASFC,4,FALSE),"") -> 601412.45 | Z36: =Y36-V36 -> -873714.81 | AA36: =Y36/V36 -> 0.40770208 | AB36: =IFERROR(VLOOKUP(M36,Basilee24,5,FALSE),"") -> 544099.71 | AC36: =(AB36*1.5955)*1.03 -> 894154.42 | AD36: =AF36-AE36 -> 381621.15 | AE36: =IFERROR(VLOOKUP(M36,BASALIM,5,FALSE),"") -> 421544.35 | AF36: =IFERROR(VLOOKUP(M36,BASFC,5,FALSE),"") -> 803165.5 | AG36: =AF36-AC36 -> -90988.92 | AH36: =IFERROR(AF36/AC36,"") -> 0.89824026 | AI36: =SUM(O36,V36,AC36) -> 5440966 | AJ36: =IFERROR(VLOOKUP(M36,trim2024,2,FALSE),"0") -> 2541132.6 | AK36: =SUM(AE36,X36,Q36) -> 955254.63 | AL36: =SUM(P36,W36,AD36) -> 1268101.8 | AM36: =AF36+Y36+R36 -> 2223356.4 | AN36: =AM36-AJ36 -> -317776.2 | AO36: =AM36/AJ36 -> 0.87494702 | AP36: =IFERROR(VLOOKUP(M36,Basilee24,6,FALSE),"") -> 2006930.5 | AQ36: =AS36-AR36 -> 414687.89 | AR36: =IFERROR(VLOOKUP(M36,BASALIM,6,FALSE),"") -> 249630.68 | AS36: =IFERROR(VLOOKUP(M36,BASFC,6,FALSE),"") -> 664318.57 | AT36: =IFERROR(VLOOKUP(M36,Basilee24,7,FALSE),"") -> 1714123.6 | AU36: =AW36-AV36 -> 496851.08 | AV36: =IFERROR(VLOOKUP(M36,BASALIM,7,FALSE),"") -> 144931.09 | AW36: =IFERROR(VLOOKUP(M36,BASFC,7,FALSE),"") -> 641782.17 | AX36: =IFERROR(VLOOKUP(M36,Basilee24,8,FALSE),"") -> 471576.41 | AY36: =BA36-AZ36 -> 197259.91 | AZ36: =IFERROR(VLOOKUP(M36,BASALIM,8,FALSE),"") -> 908449.43 | BA36: =IFERROR(VLOOKUP(M36,BASFC,8,FALSE),"") -> 1105709.3 | BB36: =BH36+AY36+AU36 -> 821452.39 | BC36: =BI36+AZ36+AV36 -> 1881381.5 | BD36: =BJ36+BA36+AW36 -> 2702833.9 | BE36: =BB36+AL36 -> 2089554.2 | BF36: =BC36+AK36 -> 2836636.1 | BG36: =SUM(BD36+AM36) -> 4926190.3 | BH36: =BJ36-BI36 -> 127341.4 | BI36: =IFERROR(VLOOKUP(M36,BASALIM,9,FALSE),"") -> 828000.97 | BJ36: =IFERROR(VLOOKUP(M36,BASFC,9,FALSE),"") -> 955342.37 | BK36: =IFERROR(VLOOKUP(M36,Basilee24,10,FALSE),"") -> 1826941.4 | BL36: =BN36-BM36 -> 352212.44 | BM36: =IFERROR(VLOOKUP(M36,BASALIM,10,FALSE),"") -> 585443.4 | BN36: =IFERROR(VLOOKUP(M36,BASFC,10,FALSE),"") -> 937655.84 | BO36: =IFERROR(VLOOKUP(M36,Basilee24,11,FALSE),"") -> 994252.91 | BP36: =BR36-BQ36 -> 202697.46 | BQ36: =IFERROR(VLOOKUP(M36,BASALIM,11,FALSE),"") -> 291045.46 | BR36: =IFERROR(VLOOKUP(M36,BASFC,11,FALSE),"") -> 493742.92 | BS36: =BH36+BL36+BP36 -> 682251.3 | BT36: =SUM(BI36,BM36,BQ36) -> 1704489.8 | BU36: =SUM(BJ36,BN36,BR36) -> 2386741.1 | BV36: =IFERROR(VLOOKUP(M36,Basilee24,12,FALSE),"") -> 368004.46 | BW36: =BY36-BX36 -> 703032.69 | BX36: =IFERROR(VLOOKUP(M36,BASALIM,12,FALSE),"") -> 468114.89 | BY36: =IFERROR(VLOOKUP(M36,BASFC,12,FALSE),"") -> 1171147.6 | BZ36: =IFERROR(VLOOKUP(M36,Basilee24,13,FALSE),"") -> 1312660.4 | CD36: =IFERROR(VLOOKUP(M36,Basilee24,14,FALSE),"") -> 860467.74
A37: =VLOOKUP(M37,BASCART4,3,FALSE) -> 112014260 | B37: =IFERROR(VLOOKUP(M37,BASILECARTERA,2,FALSE),"") -> 20 | C37: =IFERROR(VLOOKUP(B37,DES,2,FALSE),"") -> 0.05 | D37: =IFERROR(VLOOKUP(B37,DES,3,FALSE),"") -> 0.09 | E37: =IFERROR(VLOOKUP(B37,DES,4,FALSE),"") -> 0 | F37: =IFERROR(VLOOKUP(M37,BASILECART2,2,FALSE),"") -> 20 | G37: =IFERROR(VLOOKUP(F37,DES,2,FALSE),"") -> 0.05 | H37: =IFERROR(VLOOKUP(F37,DES,3,FALSE),"") -> 0.09 | I37: =IFERROR(VLOOKUP(F37,DES,4,FALSE),"") -> 0 | J37: =VLOOKUP(M37,BASCART4,2,FALSE) -> 71 | K37: =IFERROR(VLOOKUP(J37,A458DC1025,2,FALSE),"") -> Lista | L37: =IFERROR(VLOOKUP(J37,A458DC1025,3,FALSE),"") -> 0.05 | M37: TROZZI/BARRERA | N37: =IFERROR(VLOOKUP(M37,Basilee24,3,FALSE),"") -> 863606.49 | O37: 1500000 | P37: =R37-Q37 -> #VALUE! | Q37: =IFERROR(VLOOKUP(M37,BASALIM,3,FALSE),"") | R37: =IFERROR(VLOOKUP(M37,BASFC,3,FALSE),"") -> 688675.24 | S37: =R37-O37 -> -811324.76 | T37: =R37/O37 -> 0.45911683 | U37: =IFERROR(VLOOKUP(M37,Basilee24,4,FALSE),"") -> 250508.72 | V37: 1500000 | W37: =Y37-X37 -> #VALUE! | X37: =IFERROR(VLOOKUP(M37,BASALIM,4,FALSE),"") | Y37: =IFERROR(VLOOKUP(M37,BASFC,4,FALSE),"") -> 100938.97 | Z37: =Y37-V37 -> -1399061 | AA37: =Y37/V37 -> 0.067292647 | AB37: =IFERROR(VLOOKUP(M37,Basilee24,5,FALSE),"") -> 253237.9 | AC37: 1500000 | AD37: =AF37-AE37 -> #VALUE! | AE37: =IFERROR(VLOOKUP(M37,BASALIM,5,FALSE),"") | AF37: =IFERROR(VLOOKUP(M37,BASFC,5,FALSE),"") -> 450230.13 | AG37: =AF37-AC37 -> -1049769.9 | AH37: =IFERROR(AF37/AC37,"") -> 0.30015342 | AI37: =SUM(O37,V37,AC37) -> 4500000 | AJ37: =IFERROR(VLOOKUP(M37,trim2024,2,FALSE),"0") -> 2507408.3 | AK37: =SUM(AE37,X37,Q37) -> 0 | AL37: =SUM(P37,W37,AD37) -> #VALUE! | AM37: =AF37+Y37+R37 -> 1239844.3 | AN37: =AM37-AJ37 -> -1267564 | AO37: =AM37/AJ37 -> 0.49447245 | AP37: =IFERROR(VLOOKUP(M37,Basilee24,6,FALSE),"") -> 1308878.8 | AQ37: =AS37-AR37 -> #VALUE! | AR37: =IFERROR(VLOOKUP(M37,BASALIM,6,FALSE),"") | AS37: =IFERROR(VLOOKUP(M37,BASFC,6,FALSE),"") -> 878868.59 | AT37: =IFERROR(VLOOKUP(M37,Basilee24,7,FALSE),"") -> 23469.72 | AU37: =AW37-AV37 -> #VALUE! | AV37: =IFERROR(VLOOKUP(M37,BASALIM,7,FALSE),"") | AW37: =IFERROR(VLOOKUP(M37,BASFC,7,FALSE),"") -> 490302.1 | AX37: =IFERROR(VLOOKUP(M37,Basilee24,8,FALSE),"") -> 126614.67 | AY37: =BA37-AZ37 -> #VALUE! | AZ37: =IFERROR(VLOOKUP(M37,BASALIM,8,FALSE),"") | BA37: =IFERROR(VLOOKUP(M37,BASFC,8,FALSE),"") -> 904503.09 | BB37: =BH37+AY37+AU37 -> #VALUE! | BC37: =BI37+AZ37+AV37 -> #VALUE! | BD37: =BJ37+BA37+AW37 -> 1815416.7 | BE37: =BB37+AL37 -> #VALUE! | BF37: =BC37+AK37 -> #VALUE! | BG37: =SUM(BD37+AM37) -> 3055261.1 | BH37: =BJ37-BI37 -> #VALUE! | BI37: =IFERROR(VLOOKUP(M37,BASALIM,9,FALSE),"") | BJ37: =IFERROR(VLOOKUP(M37,BASFC,9,FALSE),"") -> 420611.53 | BK37: =IFERROR(VLOOKUP(M37,Basilee24,10,FALSE),"") -> 428427.1 | BL37: =BN37-BM37 -> #VALUE! | BM37: =IFERROR(VLOOKUP(M37,BASALIM,10,FALSE),"") | BN37: =IFERROR(VLOOKUP(M37,BASFC,10,FALSE),"") -> 609708.48 | BO37: =IFERROR(VLOOKUP(M37,Basilee24,11,FALSE),"") -> 487276.18 | BP37: =BR37-BQ37 -> #VALUE! | BQ37: =IFERROR(VLOOKUP(M37,BASALIM,11,FALSE),"") | BR37: =IFERROR(VLOOKUP(M37,BASFC,11,FALSE),"") -> 433747.44 | BS37: =BH37+BL37+BP37 -> #VALUE! | BT37: =SUM(BI37,BM37,BQ37) -> 0 | BU37: =SUM(BJ37,BN37,BR37) -> 1464067.4 | BV37: =IFERROR(VLOOKUP(M37,Basilee24,12,FALSE),"") -> 884630.52 | BW37: =BY37-BX37 -> #VALUE! | BX37: =IFERROR(VLOOKUP(M37,BASALIM,12,FALSE),"") | BY37: =IFERROR(VLOOKUP(M37,BASFC,12,FALSE),"") -> 528600.53 | BZ37: =IFERROR(VLOOKUP(M37,Basilee24,13,FALSE),"") -> 1115091.1 | CD37: =IFERROR(VLOOKUP(M37,Basilee24,14,FALSE),"") -> 507686.74
A38: =VLOOKUP(M38,BASCART4,3,FALSE) -> 112014138 | B38: =IFERROR(VLOOKUP(M38,BASILECARTERA,2,FALSE),"") -> 24 | C38: =IFERROR(VLOOKUP(B38,DES,2,FALSE),"") -> 0.12 | D38: =IFERROR(VLOOKUP(B38,DES,3,FALSE),"") -> 0.09 | E38: =IFERROR(VLOOKUP(B38,DES,4,FALSE),"") -> 0 | F38: =VLOOKUP(M38,BASILECART2,2,FALSE) -> 1 | G38: =IFERROR(VLOOKUP(F38,DES,2,FALSE),"") -> Lista | H38: =IFERROR(VLOOKUP(F38,DES,3,FALSE),"") -> 0.09 | I38: =IFERROR(VLOOKUP(F38,DES,4,FALSE),"") -> 0 | J38: =VLOOKUP(M38,BASCART4,2,FALSE) -> 71 | K38: =IFERROR(VLOOKUP(J38,A458DC1025,2,FALSE),"") -> Lista | L38: =IFERROR(VLOOKUP(J38,A458DC1025,3,FALSE),"") -> 0.05 | M38: SANZO JOSE MARCELO | N38: =IFERROR(VLOOKUP(M38,Basilee24,3,FALSE),"") -> 312645.6 | O38: =(N38*1.601)*1.05 -> 525572.89 | P38: =R38-Q38 -> #VALUE! | Q38: =IFERROR(VLOOKUP(M38,BASALIM,3,FALSE),"") | R38: =IFERROR(VLOOKUP(M38,BASFC,3,FALSE),"") -> 0 | S38: =R38-O38 -> -525572.89 | T38: =R38/O38 -> 0 | U38: =IFERROR(VLOOKUP(M38,Basilee24,4,FALSE),"") -> 0 | V38: =U38*1.7245 -> 0 | W38: =Y38-X38 -> #VALUE! | X38: =IFERROR(VLOOKUP(M38,BASALIM,4,FALSE),"") | Y38: =IFERROR(VLOOKUP(M38,BASFC,4,FALSE),"") -> 0 | Z38: =Y38-V38 -> 0 | AA38: =IFERROR(Y38/V38,"") | AB38: =IFERROR(VLOOKUP(M38,Basilee24,5,FALSE),"") -> 0 | AC38: =(AB38*1.5955)*1.03 -> 0 | AD38: =AF38-AE38 -> #VALUE! | AE38: =IFERROR(VLOOKUP(M38,BASALIM,5,FALSE),"") | AF38: =IFERROR(VLOOKUP(M38,BASFC,5,FALSE),"") -> 0 | AG38: =AF38-AC38 -> 0 | AH38: =IFERROR(AF38/AC38,"") | AI38: =SUM(O38,V38,AC38) -> 525572.89 | AJ38: =IFERROR(VLOOKUP(M38,trim2024,2,FALSE),"0") -> 0 | AK38: =SUM(AE38,X38,Q38) -> 0 | AL38: =SUM(P38,W38,AD38) -> #VALUE! | AM38: =AF38+Y38+R38 -> 0 | AN38: =AM38-AJ38 -> 0 | AO38: =AM38/AJ38 -> #DIV/0! | AP38: =IFERROR(VLOOKUP(M38,Basilee24,6,FALSE),"") -> 0 | AQ38: =AS38-AR38 -> #VALUE! | AR38: =IFERROR(VLOOKUP(M38,BASALIM,6,FALSE),"") | AS38: =IFERROR(VLOOKUP(M38,BASFC,6,FALSE),"") -> 0 | AT38: =IFERROR(VLOOKUP(M38,Basilee24,7,FALSE),"") -> 0 | AU38: =AW38-AV38 -> #VALUE! | AV38: =IFERROR(VLOOKUP(M38,BASALIM,7,FALSE),"") | AW38: =IFERROR(VLOOKUP(M38,BASFC,7,FALSE),"") -> 107053.39 | AX38: =IFERROR(VLOOKUP(M38,Basilee24,8,FALSE),"") -> 237602.4 | AY38: =BA38-AZ38 -> #VALUE! | AZ38: =IFERROR(VLOOKUP(M38,BASALIM,8,FALSE),"") | BA38: =IFERROR(VLOOKUP(M38,BASFC,8,FALSE),"") -> 0 | BB38: =BH38+AY38+AU38 -> #VALUE! | BC38: =BI38+AZ38+AV38 -> #VALUE! | BD38: =BJ38+BA38+AW38 -> 107053.39 | BE38: =BB38+AL38 -> #VALUE! | BF38: =BC38+AK38 -> #VALUE! | BG38: =SUM(BD38+AM38) -> 107053.39 | BH38: =BJ38-BI38 -> #VALUE! | BI38: =IFERROR(VLOOKUP(M38,BASALIM,9,FALSE),"") | BJ38: =IFERROR(VLOOKUP(M38,BASFC,9,FALSE),"") -> 0 | BK38: =IFERROR(VLOOKUP(M38,Basilee24,10,FALSE),"") -> 0 | BL38: =BN38-BM38 -> #VALUE! | BM38: =IFERROR(VLOOKUP(M38,BASALIM,10,FALSE),"") | BN38: =IFERROR(VLOOKUP(M38,BASFC,10,FALSE),"") -> 0 | BO38: =IFERROR(VLOOKUP(M38,Basilee24,11,FALSE),"") -> 0 | BP38: =BR38-BQ38 -> #VALUE! | BQ38: =IFERROR(VLOOKUP(M38,BASALIM,11,FALSE),"") | BR38: =IFERROR(VLOOKUP(M38,BASFC,11,FALSE),"") -> 0 | BS38: =BH38+BL38+BP38 -> #VALUE! | BT38: =SUM(BI38,BM38,BQ38) -> 0 | BU38: =SUM(BJ38,BN38,BR38) -> 0 | BV38: =IFERROR(VLOOKUP(M38,Basilee24,12,FALSE),"") -> 0 | BW38: =BY38-BX38 -> #VALUE! | BX38: =IFERROR(VLOOKUP(M38,BASALIM,12,FALSE),"") | BY38: =IFERROR(VLOOKUP(M38,BASFC,12,FALSE),"") -> 0 | BZ38: =IFERROR(VLOOKUP(M38,Basilee24,13,FALSE),"") -> 0 | CD38: =IFERROR(VLOOKUP(M38,Basilee24,14,FALSE),"") -> 0
A39: =VLOOKUP(M39,BASCART4,3,FALSE) -> 112014411 | B39: =IFERROR(VLOOKUP(M39,BASILECARTERA,2,FALSE),"") -> 31 | C39: =VLOOKUP(B39,DES,2,FALSE) -> 0.1 | D39: =VLOOKUP(B39,DES,3,FALSE) -> 0.23 | E39: =VLOOKUP(B39,DES,4,FALSE) -> 0 | F39: =VLOOKUP(M39,BASILECART2,2,FALSE) -> 18 | G39: =IFERROR(VLOOKUP(F39,DES,2,FALSE),"") -> Lista | H39: =IFERROR(VLOOKUP(F39,DES,3,FALSE),"") -> 0.23 | I39: =IFERROR(VLOOKUP(F39,DES,4,FALSE),"") -> 0 | J39: =VLOOKUP(M39,BASCART4,2,FALSE) -> 69 | K39: =IFERROR(VLOOKUP(J39,A458DC1025,2,FALSE),"") -> Lista | L39: =IFERROR(VLOOKUP(J39,A458DC1025,3,FALSE),"") -> 0.14 | M39: HERMIDA ALEJANDRO | N39: =IFERROR(VLOOKUP(M39,Basilee24,3,FALSE),"") -> 0 | O39: 2500000 | P39: =R39-Q39 -> 0 | Q39: =IFERROR(VLOOKUP(M39,BASALIM,3,FALSE),"") -> 3288518.7 | R39: =IFERROR(VLOOKUP(M39,BASFC,3,FALSE),"") -> 3288518.7 | S39: =R39-O39 -> 788518.7 | T39: =R39/O39 -> 1.3154075 | U39: =IFERROR(VLOOKUP(M39,Basilee24,4,FALSE),"") -> 0 | V39: 2500000 | W39: =Y39-X39 -> 0 | X39: =IFERROR(VLOOKUP(M39,BASALIM,4,FALSE),"") -> 3773969.4 | Y39: =IFERROR(VLOOKUP(M39,BASFC,4,FALSE),"") -> 3773969.4 | Z39: =Y39-V39 -> 1273969.4 | AA39: =Y39/V39 -> 1.5095878 | AB39: =IFERROR(VLOOKUP(M39,Basilee24,5,FALSE),"") -> 0 | AC39: 2500000 | AD39: =AF39-AE39 -> 0 | AE39: =IFERROR(VLOOKUP(M39,BASALIM,5,FALSE),"") -> 2818046.3 | AF39: =IFERROR(VLOOKUP(M39,BASFC,5,FALSE),"") -> 2818046.3 | AG39: =AF39-AC39 -> 318046.26 | AH39: =AF39/AC39 -> 1.1272185 | AI39: =SUM(O39,V39,AC39) -> 7500000 | AJ39: =IFERROR(VLOOKUP(M39,trim2024,2,FALSE),"0") -> 11659392 | AK39: =SUM(AE39,X39,Q39) -> 9880534.4 | AL39: =SUM(P39,W39,AD39) -> 0 | AM39: =AF39+Y39+R39 -> 9880534.4 | AN39: =AM39-AJ39 -> -1778857.2 | AO39: =AM39/AJ39 -> 0.84743139 | AP39: =IFERROR(VLOOKUP(M39,Basilee24,6,FALSE),"") -> 0 | AQ39: =AS39-AR39 -> 0 | AR39: =IFERROR(VLOOKUP(M39,BASALIM,6,FALSE),"") -> 3205294.5 | AS39: =IFERROR(VLOOKUP(M39,BASFC,6,FALSE),"") -> 3205294.5 | AT39: =IFERROR(VLOOKUP(M39,Basilee24,7,FALSE),"") -> 1741660.9 | AU39: =AW39-AV39 -> 0 | AV39: =IFERROR(VLOOKUP(M39,BASALIM,7,FALSE),"") -> 565825.26 | AW39: =IFERROR(VLOOKUP(M39,BASFC,7,FALSE),"") -> 565825.26 | AX39: =IFERROR(VLOOKUP(M39,Basilee24,8,FALSE),"") -> 2937461.5 | AY39: =BA39-AZ39 -> 0 | AZ39: =IFERROR(VLOOKUP(M39,BASALIM,8,FALSE),"") -> 754433.68 | BA39: =IFERROR(VLOOKUP(M39,BASFC,8,FALSE),"") -> 754433.68 | BB39: =BH39+AY39+AU39 -> 0 | BC39: =BI39+AZ39+AV39 -> 2590594.3 | BD39: =BJ39+BA39+AW39 -> 2590594.3 | BE39: =BB39+AL39 -> 0 | BF39: =BC39+AK39 -> 12471129 | BG39: =SUM(BD39+AM39) -> 12471129 | BH39: =BJ39-BI39 -> 0 | BI39: =IFERROR(VLOOKUP(M39,BASALIM,9,FALSE),"") -> 1270335.4 | BJ39: =IFERROR(VLOOKUP(M39,BASFC,9,FALSE),"") -> 1270335.4 | BK39: =IFERROR(VLOOKUP(M39,Basilee24,10,FALSE),"") -> 5403442.7 | BL39: =BN39-BM39 -> 0 | BM39: =IFERROR(VLOOKUP(M39,BASALIM,10,FALSE),"") -> 1335570.8 | BN39: =IFERROR(VLOOKUP(M39,BASFC,10,FALSE),"") -> 1335570.8 | BO39: =IFERROR(VLOOKUP(M39,Basilee24,11,FALSE),"") -> 3504428.6 | BP39: =BR39-BQ39 -> 0 | BQ39: =IFERROR(VLOOKUP(M39,BASALIM,11,FALSE),"") -> 611090.87 | BR39: =IFERROR(VLOOKUP(M39,BASFC,11,FALSE),"") -> 611090.87 | BS39: =BH39+BL39+BP39 -> 0 | BT39: =SUM(BI39,BM39,BQ39) -> 3216997.1 | BU39: =SUM(BJ39,BN39,BR39) -> 3216997.1 | BV39: =IFERROR(VLOOKUP(M39,Basilee24,12,FALSE),"") -> 2466973.4 | BW39: =BY39-BX39 -> 0 | BX39: =IFERROR(VLOOKUP(M39,BASALIM,12,FALSE),"") -> 407393.91 | BY39: =IFERROR(VLOOKUP(M39,BASFC,12,FALSE),"") -> 407393.91 | BZ39: =IFERROR(VLOOKUP(M39,Basilee24,13,FALSE),"") -> 5067564.9 | CD39: =IFERROR(VLOOKUP(M39,Basilee24,14,FALSE),"") -> 4124853.4
A40: =VLOOKUP(M40,BASCART4,3,FALSE) -> 112014682 | B40: =IFERROR(VLOOKUP(M40,BASILECARTERA,2,FALSE),"") -> 31 | C40: =VLOOKUP(B40,DES,2,FALSE) -> 0.1 | D40: =VLOOKUP(B40,DES,3,FALSE) -> 0.23 | E40: =VLOOKUP(B40,DES,4,FALSE) -> 0 | F40: =VLOOKUP(M40,BASILECART2,2,FALSE) -> 18 | G40: =IFERROR(VLOOKUP(F40,DES,2,FALSE),"") -> Lista | H40: =IFERROR(VLOOKUP(F40,DES,3,FALSE),"") -> 0.23 | I40: =IFERROR(VLOOKUP(F40,DES,4,FALSE),"") -> 0 | J40: =VLOOKUP(M40,BASCART4,2,FALSE) -> 69 | K40: =IFERROR(VLOOKUP(J40,A458DC1025,2,FALSE),"") -> Lista | L40: =IFERROR(VLOOKUP(J40,A458DC1025,3,FALSE),"") -> 0.14 | M40: MICAELA FERNANDA MEDINA | N40: =IFERROR(VLOOKUP(M40,Basilee24,3,FALSE),"") | O40: =(N40*1.601)*1.05 -> #VALUE! | P40: =R40-Q40 -> #VALUE! | Q40: =IFERROR(VLOOKUP(M40,BASALIM,3,FALSE),"") | R40: =IFERROR(VLOOKUP(M40,BASFC,3,FALSE),"") -> 0 | S40: =R40-O40 -> #VALUE! | T40: =R40/O40 -> #VALUE! | U40: =IFERROR(VLOOKUP(M40,Basilee24,4,FALSE),"") | V40: =U40*1.7245 -> #VALUE! | W40: =Y40-X40 -> #VALUE! | X40: =IFERROR(VLOOKUP(M40,BASALIM,4,FALSE),"") | Y40: =IFERROR(VLOOKUP(M40,BASFC,4,FALSE),"") -> 0 | Z40: =Y40-V40 -> #VALUE! | AA40: =Y40/V40 -> #VALUE! | AB40: =IFERROR(VLOOKUP(M40,Basilee24,5,FALSE),"") | AC40: =(AB40*1.5955)*1.03 -> #VALUE! | AD40: =AF40-AE40 -> #VALUE! | AE40: =IFERROR(VLOOKUP(M40,BASALIM,5,FALSE),"") | AF40: =IFERROR(VLOOKUP(M40,BASFC,5,FALSE),"") -> 0 | AG40: =AF40-AC40 -> #VALUE! | AH40: =IFERROR(AF40/AC40,"") | AI40: =SUM(O40,V40,AC40) -> #VALUE! | AJ40: =IFERROR(VLOOKUP(M40,trim2024,2,FALSE),"0") -> 0 | AK40: =SUM(AE40,X40,Q40) -> 0 | AL40: =SUM(P40,W40,AD40) -> #VALUE! | AM40: =AF40+Y40+R40 -> 0 | AN40: =AM40-AJ40 -> 0 | AO40: =AM40/AJ40 -> #DIV/0! | AP40: =IFERROR(VLOOKUP(M40,Basilee24,6,FALSE),"") | AQ40: =AS40-AR40 -> #VALUE! | AR40: =IFERROR(VLOOKUP(M40,BASALIM,6,FALSE),"") | AS40: =IFERROR(VLOOKUP(M40,BASFC,6,FALSE),"") -> 0 | AT40: =IFERROR(VLOOKUP(M40,Basilee24,7,FALSE),"") | AU40: =AW40-AV40 -> #VALUE! | AV40: =IFERROR(VLOOKUP(M40,BASALIM,7,FALSE),"") | AW40: =IFERROR(VLOOKUP(M40,BASFC,7,FALSE),"") -> 302275.17 | AX40: =IFERROR(VLOOKUP(M40,Basilee24,8,FALSE),"") | AY40: =BA40-AZ40 -> #VALUE! | AZ40: =IFERROR(VLOOKUP(M40,BASALIM,8,FALSE),"") | BA40: =IFERROR(VLOOKUP(M40,BASFC,8,FALSE),"") -> 130705.16 | BB40: =BH40+AY40+AU40 -> #VALUE! | BC40: =BI40+AZ40+AV40 -> #VALUE! | BD40: =BJ40+BA40+AW40 -> 540958.73 | BE40: =BB40+AL40 -> #VALUE! | BF40: =BC40+AK40 -> #VALUE! | BG40: =SUM(BD40+AM40) -> 540958.73 | BH40: =BJ40-BI40 -> #VALUE! | BI40: =IFERROR(VLOOKUP(M40,BASALIM,9,FALSE),"") | BJ40: =IFERROR(VLOOKUP(M40,BASFC,9,FALSE),"") -> 107978.4 | BK40: =IFERROR(VLOOKUP(M40,Basilee24,10,FALSE),"") | BL40: =BN40-BM40 -> #VALUE! | BM40: =IFERROR(VLOOKUP(M40,BASALIM,10,FALSE),"") | BN40: =IFERROR(VLOOKUP(M40,BASFC,10,FALSE),"") -> 74196 | BO40: =IFERROR(VLOOKUP(M40,Basilee24,11,FALSE),"") | BP40: =BR40-BQ40 -> #VALUE! | BQ40: =IFERROR(VLOOKUP(M40,BASALIM,11,FALSE),"") | BR40: =IFERROR(VLOOKUP(M40,BASFC,11,FALSE),"") -> 0 | BS40: =BH40+BL40+BP40 -> #VALUE! | BT40: =SUM(BI40,BM40,BQ40) -> 0 | BU40: =SUM(BJ40,BN40,BR40) -> 182174.4 | BV40: =IFERROR(VLOOKUP(M40,Basilee24,12,FALSE),"") | BW40: =BY40-BX40 -> #VALUE! | BX40: =IFERROR(VLOOKUP(M40,BASALIM,12,FALSE),"") | BY40: =IFERROR(VLOOKUP(M40,BASFC,12,FALSE),"") -> 109891.4 | BZ40: =IFERROR(VLOOKUP(M40,Basilee24,13,FALSE),"") | CD40: =IFERROR(VLOOKUP(M40,Basilee24,14,FALSE),"")
A41: =VLOOKUP(M41,BASCART4,3,FALSE) -> 112014727 | B41: =IFERROR(VLOOKUP(M41,BASILECARTERA,2,FALSE),"") -> 7 | C41: =IFERROR(VLOOKUP(B41,DES,2,FALSE),"") -> 0.1 | D41: =IFERROR(VLOOKUP(B41,DES,3,FALSE),"") -> 0.2 | E41: =IFERROR(VLOOKUP(B41,DES,4,FALSE),"") -> 0 | F41: =IFERROR(VLOOKUP(M41,BASILECART2,2,FALSE),"") -> 4 | G41: =IFERROR(VLOOKUP(F41,DES,2,FALSE),"") -> Lista | H41: =IFERROR(VLOOKUP(F41,DES,3,FALSE),"") -> 0.2 | I41: =IFERROR(VLOOKUP(F41,DES,4,FALSE),"") -> 0 | J41: =VLOOKUP(M41,BASCART4,2,FALSE) -> 70 | K41: =IFERROR(VLOOKUP(J41,A458DC1025,2,FALSE),"") -> Lista | L41: =IFERROR(VLOOKUP(J41,A458DC1025,3,FALSE),"") -> 0.11 | M41: FERNANDEZ OROMENDIA PABLO ADRIAN | N41: =IFERROR(VLOOKUP(M41,Basilee24,3,FALSE),"") | O41: =(N41*1.601)*1.05 -> #VALUE! | P41: =R41-Q41 -> #VALUE! | Q41: =IFERROR(VLOOKUP(M41,BASALIM,3,FALSE),"") | R41: =IFERROR(VLOOKUP(M41,BASFC,3,FALSE),"") -> 0 | S41: =R41-O41 -> #VALUE! | T41: =R41/O41 -> #VALUE! | U41: =IFERROR(VLOOKUP(M41,Basilee24,4,FALSE),"") | V41: =U41*1.7245 -> #VALUE! | W41: =Y41-X41 -> #VALUE! | X41: =IFERROR(VLOOKUP(M41,BASALIM,4,FALSE),"") | Y41: =IFERROR(VLOOKUP(M41,BASFC,4,FALSE),"") -> 0 | Z41: =Y41-V41 -> #VALUE! | AA41: =Y41/V41 -> #VALUE! | AB41: =IFERROR(VLOOKUP(M41,Basilee24,5,FALSE),"") | AC41: =(AB41*1.5955)*1.03 -> #VALUE! | AD41: =AF41-AE41 -> #VALUE! | AE41: =IFERROR(VLOOKUP(M41,BASALIM,5,FALSE),"") | AF41: =IFERROR(VLOOKUP(M41,BASFC,5,FALSE),"") -> 0 | AG41: =AF41-AC41 -> #VALUE! | AH41: =IFERROR(AF41/AC41,"") | AI41: =SUM(O41,V41,AC41) -> #VALUE! | AJ41: =IFERROR(VLOOKUP(M41,trim2024,2,FALSE),"0") -> 0 | AK41: =SUM(AE41,X41,Q41) -> 0 | AL41: =SUM(P41,W41,AD41) -> #VALUE! | AM41: =AF41+Y41+R41 -> 0 | AN41: =AM41-AJ41 -> 0 | AO41: =AM41/AJ41 -> #DIV/0! | AP41: =IFERROR(VLOOKUP(M41,Basilee24,6,FALSE),"") | AQ41: =AS41-AR41 -> #VALUE! | AR41: =IFERROR(VLOOKUP(M41,BASALIM,6,FALSE),"") | AS41: =IFERROR(VLOOKUP(M41,BASFC,6,FALSE),"") -> 0 | AT41: =IFERROR(VLOOKUP(M41,Basilee24,7,FALSE),"") | AU41: =AW41-AV41 -> #VALUE! | AV41: =IFERROR(VLOOKUP(M41,BASALIM,7,FALSE),"") | AW41: =IFERROR(VLOOKUP(M41,BASFC,7,FALSE),"") -> 0 | AX41: =IFERROR(VLOOKUP(M41,Basilee24,8,FALSE),"") | AY41: =BA41-AZ41 -> #VALUE! | AZ41: =IFERROR(VLOOKUP(M41,BASALIM,8,FALSE),"") | BA41: =IFERROR(VLOOKUP(M41,BASFC,8,FALSE),"") -> 0 | BB41: =BH41+AY41+AU41 -> #VALUE! | BC41: =BI41+AZ41+AV41 -> #VALUE! | BD41: =BJ41+BA41+AW41 -> 66506.6 | BE41: =BB41+AL41 -> #VALUE! | BF41: =BC41+AK41 -> #VALUE! | BG41: =SUM(BD41+AM41) -> 66506.6 | BH41: =BJ41-BI41 -> #VALUE! | BI41: =IFERROR(VLOOKUP(M41,BASALIM,9,FALSE),"") | BJ41: =IFERROR(VLOOKUP(M41,BASFC,9,FALSE),"") -> 66506.6 | BK41: =IFERROR(VLOOKUP(M41,Basilee24,10,FALSE),"") | BL41: =BN41-BM41 -> #VALUE! | BM41: =IFERROR(VLOOKUP(M41,BASALIM,10,FALSE),"") | BN41: =IFERROR(VLOOKUP(M41,BASFC,10,FALSE),"") -> 0 | BO41: =IFERROR(VLOOKUP(M41,Basilee24,11,FALSE),"") | BP41: =BR41-BQ41 -> #VALUE! | BQ41: =IFERROR(VLOOKUP(M41,BASALIM,11,FALSE),"") | BR41: =IFERROR(VLOOKUP(M41,BASFC,11,FALSE),"") -> 0 | BS41: =BH41+BL41+BP41 -> #VALUE! | BT41: =SUM(BI41,BM41,BQ41) -> 0 | BU41: =SUM(BJ41,BN41,BR41) -> 66506.6 | BV41: =IFERROR(VLOOKUP(M41,Basilee24,12,FALSE),"") | BW41: =BY41-BX41 -> #VALUE! | BX41: =IFERROR(VLOOKUP(M41,BASALIM,12,FALSE),"") | BY41: =IFERROR(VLOOKUP(M41,BASFC,12,FALSE),"") -> 0 | BZ41: =IFERROR(VLOOKUP(M41,Basilee24,13,FALSE),"") | CD41: =IFERROR(VLOOKUP(M41,Basilee24,14,FALSE),"")
A42: =VLOOKUP(M42,BASCART4,3,FALSE) -> 112014269 | B42: =IFERROR(VLOOKUP(M42,BASILECARTERA,2,FALSE),"") -> 7 | C42: =IFERROR(VLOOKUP(B42,DES,2,FALSE),"") -> 0.1 | D42: =IFERROR(VLOOKUP(B42,DES,3,FALSE),"") -> 0.2 | E42: =IFERROR(VLOOKUP(B42,DES,4,FALSE),"") -> 0 | F42: =IFERROR(VLOOKUP(M42,BASILECART2,2,FALSE),"") -> 4 | G42: =IFERROR(VLOOKUP(F42,DES,2,FALSE),"") -> Lista | H42: =IFERROR(VLOOKUP(F42,DES,3,FALSE),"") -> 0.2 | I42: =IFERROR(VLOOKUP(F42,DES,4,FALSE),"") -> 0 | J42: =VLOOKUP(M42,BASCART4,2,FALSE) -> 70 | K42: =IFERROR(VLOOKUP(J42,A458DC1025,2,FALSE),"") -> Lista | L42: =IFERROR(VLOOKUP(J42,A458DC1025,3,FALSE),"") -> 0.11 | M42: BEDOYA CAROLINA | N42: =IFERROR(VLOOKUP(M42,Basilee24,3,FALSE),"") -> 290461.28 | O42: =(N42*1.601)*1.05 -> 488279.93 | P42: =R42-Q42 -> 0 | Q42: =IFERROR(VLOOKUP(M42,BASALIM,3,FALSE),"") -> 70424.8 | R42: =IFERROR(VLOOKUP(M42,BASFC,3,FALSE),"") -> 70424.8 | S42: =R42-O42 -> -417855.13 | T42: =R42/O42 -> 0.14423038 | U42: =IFERROR(VLOOKUP(M42,Basilee24,4,FALSE),"") -> 648368.77 | V42: =U42*1.7245 -> 1118111.9 | W42: =Y42-X42 -> 49950.73 | X42: =IFERROR(VLOOKUP(M42,BASALIM,4,FALSE),"") -> 167276.08 | Y42: =IFERROR(VLOOKUP(M42,BASFC,4,FALSE),"") -> 217226.81 | Z42: =Y42-V42 -> -900885.13 | AA42: =Y42/V42 -> 0.19428002 | AB42: =IFERROR(VLOOKUP(M42,Basilee24,5,FALSE),"") -> 700395.87 | AC42: 1800000 | AD42: =AF42-AE42 -> 484923.03 | AE42: =IFERROR(VLOOKUP(M42,BASALIM,5,FALSE),"") -> 475726.52 | AF42: =IFERROR(VLOOKUP(M42,BASFC,5,FALSE),"") -> 960649.55 | AG42: =AF42-AC42 -> -839350.45 | AH42: =IFERROR(AF42/AC42,"") -> 0.53369419 | AI42: =SUM(O42,V42,AC42) -> 3406391.9 | AJ42: =IFERROR(VLOOKUP(M42,trim2024,2,FALSE),"0") -> 1473877.7 | AK42: =SUM(AE42,X42,Q42) -> 713427.4 | AL42: =SUM(P42,W42,AD42) -> 534873.76 | AM42: =AF42+Y42+R42 -> 1248301.2 | AN42: =AM42-AJ42 -> -225576.58 | AO42: =AM42/AJ42 -> 0.84695028 | AP42: =IFERROR(VLOOKUP(M42,Basilee24,6,FALSE),"") -> 341258.02 | AQ42: =AS42-AR42 -> 155852.98 | AR42: =IFERROR(VLOOKUP(M42,BASALIM,6,FALSE),"") -> 614687.2 | AS42: =IFERROR(VLOOKUP(M42,BASFC,6,FALSE),"") -> 770540.18 | AT42: =IFERROR(VLOOKUP(M42,Basilee24,7,FALSE),"") -> 356180.97 | AU42: =AW42-AV42 -> 442406.69 | AV42: =IFERROR(VLOOKUP(M42,BASALIM,7,FALSE),"") -> 428007.76 | AW42: =IFERROR(VLOOKUP(M42,BASFC,7,FALSE),"") -> 870414.45 | AX42: =IFERROR(VLOOKUP(M42,Basilee24,8,FALSE),"") -> 243543.13 | AY42: =BA42-AZ42 -> 70403.31 | AZ42: =IFERROR(VLOOKUP(M42,BASALIM,8,FALSE),"") -> 185073.12 | BA42: =IFERROR(VLOOKUP(M42,BASFC,8,FALSE),"") -> 255476.43 | BB42: =BH42+AY42+AU42 -> 661546.9 | BC42: =BI42+AZ42+AV42 -> 714717.2 | BD42: =BJ42+BA42+AW42 -> 1376264.1 | BE42: =BB42+AL42 -> 1196420.7 | BF42: =BC42+AK42 -> 1428144.6 | BG42: =SUM(BD42+AM42) -> 2624565.3 | BH42: =BJ42-BI42 -> 148736.9 | BI42: =IFERROR(VLOOKUP(M42,BASALIM,9,FALSE),"") -> 101636.32 | BJ42: =IFERROR(VLOOKUP(M42,BASFC,9,FALSE),"") -> 250373.22 | BK42: =IFERROR(VLOOKUP(M42,Basilee24,10,FALSE),"") -> 496102.28 | BL42: =BN42-BM42 -> 150868.97 | BM42: =IFERROR(VLOOKUP(M42,BASALIM,10,FALSE),"") -> 286381.84 | BN42: =IFERROR(VLOOKUP(M42,BASFC,10,FALSE),"") -> 437250.81 | BO42: =IFERROR(VLOOKUP(M42,Basilee24,11,FALSE),"") -> 581941.86 | BP42: =BR42-BQ42 -> 50083.41 | BQ42: =IFERROR(VLOOKUP(M42,BASALIM,11,FALSE),"") -> 318820.16 | BR42: =IFERROR(VLOOKUP(M42,BASFC,11,FALSE),"") -> 368903.57 | BS42: =BH42+BL42+BP42 -> 349689.28 | BT42: =SUM(BI42,BM42,BQ42) -> 706838.32 | BU42: =SUM(BJ42,BN42,BR42) -> 1056527.6 | BV42: =IFERROR(VLOOKUP(M42,Basilee24,12,FALSE),"") -> 535352.01 | BW42: =BY42-BX42 -> 565899.93 | BX42: =IFERROR(VLOOKUP(M42,BASALIM,12,FALSE),"") -> 350451.32 | BY42: =IFERROR(VLOOKUP(M42,BASFC,12,FALSE),"") -> 916351.25 | BZ42: =IFERROR(VLOOKUP(M42,Basilee24,13,FALSE),"") -> 359544.11 | CD42: =IFERROR(VLOOKUP(M42,Basilee24,14,FALSE),"") -> 578981.62
A43: =VLOOKUP(M43,BASCART4,3,FALSE) -> 112012099 | B43: =IFERROR(VLOOKUP(M43,BASILECARTERA,2,FALSE),"") -> 7 | C43: =IFERROR(VLOOKUP(B43,DES,2,FALSE),"") -> 0.1 | D43: =IFERROR(VLOOKUP(B43,DES,3,FALSE),"") -> 0.2 | E43: =IFERROR(VLOOKUP(B43,DES,4,FALSE),"") -> 0 | F43: =IFERROR(VLOOKUP(M43,BASILECART2,2,FALSE),"") -> 4 | G43: =IFERROR(VLOOKUP(F43,DES,2,FALSE),"") -> Lista | H43: =IFERROR(VLOOKUP(F43,DES,3,FALSE),"") -> 0.2 | I43: =IFERROR(VLOOKUP(F43,DES,4,FALSE),"") -> 0 | J43: =VLOOKUP(M43,BASCART4,2,FALSE) -> 70 | K43: =IFERROR(VLOOKUP(J43,A458DC1025,2,FALSE),"") -> Lista | L43: =IFERROR(VLOOKUP(J43,A458DC1025,3,FALSE),"") -> 0.11 | M43: BLANCO MARINA GRACIELA | N43: =IFERROR(VLOOKUP(M43,Basilee24,3,FALSE),"") -> 230720.81 | O43: =(N43*1.601)*1.05 -> 387853.22 | P43: =R43-Q43 -> 0 | Q43: =IFERROR(VLOOKUP(M43,BASALIM,3,FALSE),"") -> 0 | R43: =IFERROR(VLOOKUP(M43,BASFC,3,FALSE),"") -> 0 | S43: =R43-O43 -> -387853.22 | T43: =R43/O43 -> 0 | U43: =IFERROR(VLOOKUP(M43,Basilee24,4,FALSE),"") -> 124715.62 | V43: =U43*1.7245 -> 215072.09 | W43: =Y43-X43 -> 0 | X43: =IFERROR(VLOOKUP(M43,BASALIM,4,FALSE),"") -> 0 | Y43: =IFERROR(VLOOKUP(M43,BASFC,4,FALSE),"") -> 0 | Z43: =Y43-V43 -> -215072.09 | AA43: =Y43/V43 -> 0 | AB43: =IFERROR(VLOOKUP(M43,Basilee24,5,FALSE),"") -> 62609.96 | AC43: =(AB43*1.5955)*1.03 -> 102891.02 | AD43: =AF43-AE43 -> 0 | AE43: =IFERROR(VLOOKUP(M43,BASALIM,5,FALSE),"") -> 310137.35 | AF43: =IFERROR(VLOOKUP(M43,BASFC,5,FALSE),"") -> 310137.35 | AG43: =AF43-AC43 -> 207246.33 | AH43: =IFERROR(AF43/AC43,"") -> 3.0142316 | AI43: =SUM(O43,V43,AC43) -> 705816.32 | AJ43: =IFERROR(VLOOKUP(M43,trim2024,2,FALSE),"0") -> 603780.8 | AK43: =SUM(AE43,X43,Q43) -> 310137.35 | AL43: =SUM(P43,W43,AD43) -> 0 | AM43: =AF43+Y43+R43 -> 310137.35 | AN43: =AM43-AJ43 -> -293643.45 | AO43: =AM43/AJ43 -> 0.51365885 | AP43: =IFERROR(VLOOKUP(M43,Basilee24,6,FALSE),"") -> 175634.51 | AQ43: =AS43-AR43 -> 0 | AR43: =IFERROR(VLOOKUP(M43,BASALIM,6,FALSE),"") -> 208953.91 | AS43: =IFERROR(VLOOKUP(M43,BASFC,6,FALSE),"") -> 208953.91 | AT43: =IFERROR(VLOOKUP(M43,Basilee24,7,FALSE),"") -> 190776.76 | AU43: =AW43-AV43 -> 0 | AV43: =IFERROR(VLOOKUP(M43,BASALIM,7,FALSE),"") -> 106357.15 | AW43: =IFERROR(VLOOKUP(M43,BASFC,7,FALSE),"") -> 106357.15 | AX43: =IFERROR(VLOOKUP(M43,Basilee24,8,FALSE),"") -> 40352.35 | AY43: =BA43-AZ43 -> 0 | AZ43: =IFERROR(VLOOKUP(M43,BASALIM,8,FALSE),"") -> 61332.11 | BA43: =IFERROR(VLOOKUP(M43,BASFC,8,FALSE),"") -> 61332.11 | BB43: =BH43+AY43+AU43 -> 0 | BC43: =BI43+AZ43+AV43 -> 294950.27 | BD43: =BJ43+BA43+AW43 -> 294950.27 | BE43: =BB43+AL43 -> 0 | BF43: =BC43+AK43 -> 605087.62 | BG43: =SUM(BD43+AM43) -> 605087.62 | BH43: =BJ43-BI43 -> 0 | BI43: =IFERROR(VLOOKUP(M43,BASALIM,9,FALSE),"") -> 127261.01 | BJ43: =IFERROR(VLOOKUP(M43,BASFC,9,FALSE),"") -> 127261.01 | BK43: =IFERROR(VLOOKUP(M43,Basilee24,10,FALSE),"") -> 126358.66 | BL43: =BN43-BM43 -> 0 | BM43: =IFERROR(VLOOKUP(M43,BASALIM,10,FALSE),"") -> 88621.49 | BN43: =IFERROR(VLOOKUP(M43,BASFC,10,FALSE),"") -> 88621.49 | BO43: =IFERROR(VLOOKUP(M43,Basilee24,11,FALSE),"") -> 140914.92 | BP43: =BR43-BQ43 -> 0 | BQ43: =IFERROR(VLOOKUP(M43,BASALIM,11,FALSE),"") -> 53703.11 | BR43: =IFERROR(VLOOKUP(M43,BASFC,11,FALSE),"") -> 53703.11 | BS43: =BH43+BL43+BP43 -> 0 | BT43: =SUM(BI43,BM43,BQ43) -> 269585.61 | BU43: =SUM(BJ43,BN43,BR43) -> 269585.61 | BV43: =IFERROR(VLOOKUP(M43,Basilee24,12,FALSE),"") -> 132077.64 | BW43: =BY43-BX43 -> 0 | BX43: =IFERROR(VLOOKUP(M43,BASALIM,12,FALSE),"") -> 0 | BY43: =IFERROR(VLOOKUP(M43,BASFC,12,FALSE),"") -> 0 | BZ43: =IFERROR(VLOOKUP(M43,Basilee24,13,FALSE),"") -> 370899.53 | CD43: =IFERROR(VLOOKUP(M43,Basilee24,14,FALSE),"") -> 100803.63
A44: =VLOOKUP(M44,BASCART4,3,FALSE) -> 112014654 | B44: =IFERROR(VLOOKUP(M44,BASILECARTERA,2,FALSE),"") -> 8 | C44: =VLOOKUP(B44,DES,2,FALSE) -> 0.1 | D44: =VLOOKUP(B44,DES,3,FALSE) -> 0.2 | E44: =VLOOKUP(B44,DES,4,FALSE) -> 0.23 | F44: =IFERROR(VLOOKUP(M44,BASILECART2,2,FALSE),"") -> 3 | G44: =IFERROR(VLOOKUP(F44,DES,2,FALSE),"") -> Lista | H44: =IFERROR(VLOOKUP(F44,DES,3,FALSE),"") -> 0.2 | I44: =IFERROR(VLOOKUP(F44,DES,4,FALSE),"") -> 0.23 | J44: =VLOOKUP(M44,BASCART4,2,FALSE) -> 70 | K44: =IFERROR(VLOOKUP(J44,A458DC1025,2,FALSE),"") -> Lista | L44: =IFERROR(VLOOKUP(J44,A458DC1025,3,FALSE),"") -> 0.11 | M44: FEDERICO EZEQUIEL CESARANO | N44: =IFERROR(VLOOKUP(M44,Basilee24,3,FALSE),"") | P44: =R44-Q44 -> 0 | Q44: =IFERROR(VLOOKUP(M44,BASALIM,3,FALSE),"") -> 0 | R44: =IFERROR(VLOOKUP(M44,BASFC,3,FALSE),"") -> 0 | S44: =R44-O44 -> 0 | T44: =R44/O44 -> #DIV/0! | U44: =IFERROR(VLOOKUP(M44,Basilee24,4,FALSE),"") | W44: =Y44-X44 -> 113229 | X44: =IFERROR(VLOOKUP(M44,BASALIM,4,FALSE),"") -> 82296.88 | Y44: =IFERROR(VLOOKUP(M44,BASFC,4,FALSE),"") -> 195525.88 | AB44: =IFERROR(VLOOKUP(M44,Basilee24,5,FALSE),"") | AC44: 600000 | AD44: =AF44-AE44 -> 0 | AE44: =IFERROR(VLOOKUP(M44,BASALIM,5,FALSE),"") -> 0 | AF44: =IFERROR(VLOOKUP(M44,BASFC,5,FALSE),"") -> 0 | AG44: =AF44-AC44 -> -600000 | AH44: =IFERROR(AF44/AC44,"") -> 0 | AI44: =SUM(O44,V44,AC44) -> 600000 | AJ44: =IFERROR(VLOOKUP(M44,trim2024,2,FALSE),"0") -> 0 | AK44: =SUM(AE44,X44,Q44) -> 82296.88 | AL44: =SUM(P44,W44,AD44) -> 113229 | AM44: =AF44+Y44+R44 -> 195525.88 | AN44: =AM44-AJ44 -> 195525.88 | AO44: =AM44/AJ44 -> #DIV/0! | AP44: =IFERROR(VLOOKUP(M44,Basilee24,6,FALSE),"") | AQ44: =AS44-AR44 -> 122042.28 | AR44: =IFERROR(VLOOKUP(M44,BASALIM,6,FALSE),"") -> 332310.16 | AS44: =IFERROR(VLOOKUP(M44,BASFC,6,FALSE),"") -> 454352.44 | AT44: =IFERROR(VLOOKUP(M44,Basilee24,7,FALSE),"") | AU44: =AW44-AV44 -> 0 | AV44: =IFERROR(VLOOKUP(M44,BASALIM,7,FALSE),"") -> 150886.76 | AW44: =IFERROR(VLOOKUP(M44,BASFC,7,FALSE),"") -> 150886.76 | AX44: =IFERROR(VLOOKUP(M44,Basilee24,8,FALSE),"") | AY44: =BA44-AZ44 -> 30993.04 | AZ44: =IFERROR(VLOOKUP(M44,BASALIM,8,FALSE),"") -> 116322.34 | BA44: =IFERROR(VLOOKUP(M44,BASFC,8,FALSE),"") -> 147315.38 | BB44: =BH44+AY44+AU44 -> 30993.04 | BC44: =BI44+AZ44+AV44 -> 267209.1 | BD44: =BJ44+BA44+AW44 -> 298202.14 | BE44: =BB44+AL44 -> 144222.04 | BF44: =BC44+AK44 -> 349505.98 | BG44: =SUM(BD44+AM44) -> 493728.02 | BH44: =BJ44-BI44 -> 0 | BI44: =IFERROR(VLOOKUP(M44,BASALIM,9,FALSE),"") -> 0 | BJ44: =IFERROR(VLOOKUP(M44,BASFC,9,FALSE),"") -> 0 | BK44: =IFERROR(VLOOKUP(M44,Basilee24,10,FALSE),"") | BL44: =BN44-BM44 -> 0 | BM44: =IFERROR(VLOOKUP(M44,BASALIM,10,FALSE),"") -> 226330.14 | BN44: =IFERROR(VLOOKUP(M44,BASFC,10,FALSE),"") -> 226330.14 | BO44: =IFERROR(VLOOKUP(M44,Basilee24,11,FALSE),"") | BP44: =BR44-BQ44 -> 49755.84 | BQ44: =IFERROR(VLOOKUP(M44,BASALIM,11,FALSE),"") -> 265353.9 | BR44: =IFERROR(VLOOKUP(M44,BASFC,11,FALSE),"") -> 315109.74 | BS44: =BH44+BL44+BP44 -> 49755.84 | BT44: =SUM(BI44,BM44,BQ44) -> 491684.04 | BU44: =SUM(BJ44,BN44,BR44) -> 541439.88 | BV44: =IFERROR(VLOOKUP(M44,Basilee24,12,FALSE),"") | BW44: =BY44-BX44 -> 0 | BX44: =IFERROR(VLOOKUP(M44,BASALIM,12,FALSE),"") -> 0 | BY44: =IFERROR(VLOOKUP(M44,BASFC,12,FALSE),"") -> 0 | BZ44: =IFERROR(VLOOKUP(M44,Basilee24,13,FALSE),"") | CD44: =IFERROR(VLOOKUP(M44,Basilee24,14,FALSE),"")
A45: =VLOOKUP(M45,BASCART4,3,FALSE) -> 112012192 | B45: =IFERROR(VLOOKUP(M45,BASILECARTERA,2,FALSE),"") -> 7 | C45: =IFERROR(VLOOKUP(B45,DES,2,FALSE),"") -> 0.1 | D45: =IFERROR(VLOOKUP(B45,DES,3,FALSE),"") -> 0.2 | E45: =IFERROR(VLOOKUP(B45,DES,4,FALSE),"") -> 0 | F45: =VLOOKUP(M45,BASILECART2,2,FALSE) -> 4 | G45: =IFERROR(VLOOKUP(F45,DES,2,FALSE),"") -> Lista | H45: =IFERROR(VLOOKUP(F45,DES,3,FALSE),"") -> 0.2 | I45: =IFERROR(VLOOKUP(F45,DES,4,FALSE),"") -> 0 | J45: =VLOOKUP(M45,BASCART4,2,FALSE) -> 70 | K45: =IFERROR(VLOOKUP(J45,A458DC1025,2,FALSE),"") -> Lista | L45: =IFERROR(VLOOKUP(J45,A458DC1025,3,FALSE),"") -> 0.11 | M45: GONZALEZ TELMO ANA JULIA | N45: =IFERROR(VLOOKUP(M45,Basilee24,3,FALSE),"") -> 0 | O45: 1800000 | P45: =R45-Q45 -> 65748.98 | Q45: =IFERROR(VLOOKUP(M45,BASALIM,3,FALSE),"") -> 50306.24 | R45: =IFERROR(VLOOKUP(M45,BASFC,3,FALSE),"") -> 116055.22 | S45: =R45-O45 -> -1683944.8 | T45: =R45/O45 -> 0.064475122 | U45: =IFERROR(VLOOKUP(M45,Basilee24,4,FALSE),"") -> 0 | V45: 1800000 | W45: =Y45-X45 -> 175422.9 | X45: =IFERROR(VLOOKUP(M45,BASALIM,4,FALSE),"") -> 0 | Y45: =IFERROR(VLOOKUP(M45,BASFC,4,FALSE),"") -> 175422.9 | Z45: =Y45-V45 -> -1624577.1 | AA45: =Y45/V45 -> 0.097457167 | AB45: =IFERROR(VLOOKUP(M45,Basilee24,5,FALSE),"") -> 0 | AC45: 1800000 | AD45: =AF45-AE45 -> 20288.16 | AE45: =IFERROR(VLOOKUP(M45,BASALIM,5,FALSE),"") -> 0 | AF45: =IFERROR(VLOOKUP(M45,BASFC,5,FALSE),"") -> 20288.16 | AG45: =AF45-AC45 -> -1779711.8 | AH45: =AF45/AC45 -> 0.0112712 | AI45: =SUM(O45,V45,AC45) -> 5400000 | AJ45: =IFERROR(VLOOKUP(M45,trim2024,2,FALSE),"0") -> 174562.12 | AK45: =SUM(AE45,X45,Q45) -> 50306.24 | AL45: =SUM(P45,W45,AD45) -> 261460.04 | AM45: =AF45+Y45+R45 -> 311766.28 | AN45: =AM45-AJ45 -> 137204.16 | AO45: =AM45/AJ45 -> 1.7859905 | AP45: =IFERROR(VLOOKUP(M45,Basilee24,6,FALSE),"") -> 0 | AQ45: =AS45-AR45 -> 42666.83 | AR45: =IFERROR(VLOOKUP(M45,BASALIM,6,FALSE),"") -> 0 | AS45: =IFERROR(VLOOKUP(M45,BASFC,6,FALSE),"") -> 42666.83 | AT45: =IFERROR(VLOOKUP(M45,Basilee24,7,FALSE),"") -> 39075.08 | AU45: =AW45-AV45 -> 0 | AV45: =IFERROR(VLOOKUP(M45,BASALIM,7,FALSE),"") -> 0 | AW45: =IFERROR(VLOOKUP(M45,BASFC,7,FALSE),"") -> 0 | AX45: =IFERROR(VLOOKUP(M45,Basilee24,8,FALSE),"") -> 38262.5 | AY45: =BA45-AZ45 -> 0 | AZ45: =IFERROR(VLOOKUP(M45,BASALIM,8,FALSE),"") -> 0 | BA45: =IFERROR(VLOOKUP(M45,BASFC,8,FALSE),"") -> 0 | BB45: =BH45+AY45+AU45 -> 42442.21 | BC45: =BI45+AZ45+AV45 -> 0 | BD45: =BJ45+BA45+AW45 -> 42442.21 | BE45: =BB45+AL45 -> 303902.25 | BF45: =BC45+AK45 -> 50306.24 | BG45: =SUM(BD45+AM45) -> 354208.49 | BH45: =BJ45-BI45 -> 42442.21 | BI45: =IFERROR(VLOOKUP(M45,BASALIM,9,FALSE),"") -> 0 | BJ45: =IFERROR(VLOOKUP(M45,BASFC,9,FALSE),"") -> 42442.21 | BK45: =IFERROR(VLOOKUP(M45,Basilee24,10,FALSE),"") -> 0 | BL45: =BN45-BM45 -> 51933.83 | BM45: =IFERROR(VLOOKUP(M45,BASALIM,10,FALSE),"") -> 0 | BN45: =IFERROR(VLOOKUP(M45,BASFC,10,FALSE),"") -> 51933.83 | BO45: =IFERROR(VLOOKUP(M45,Basilee24,11,FALSE),"") -> 77168.79 | BP45: =BR45-BQ45 -> 0 | BQ45: =IFERROR(VLOOKUP(M45,BASALIM,11,FALSE),"") -> 0 | BR45: =IFERROR(VLOOKUP(M45,BASFC,11,FALSE),"") -> 0 | BS45: =BH45+BL45+BP45 -> 94376.04 | BT45: =SUM(BI45,BM45,BQ45) -> 0 | BU45: =SUM(BJ45,BN45,BR45) -> 94376.04 | BV45: =IFERROR(VLOOKUP(M45,Basilee24,12,FALSE),"") -> 29692.72 | BW45: =BY45-BX45 -> 0 | BX45: =IFERROR(VLOOKUP(M45,BASALIM,12,FALSE),"") -> 0 | BY45: =IFERROR(VLOOKUP(M45,BASFC,12,FALSE),"") -> 0 | BZ45: =IFERROR(VLOOKUP(M45,Basilee24,13,FALSE),"") -> 0 | CD45: =IFERROR(VLOOKUP(M45,Basilee24,14,FALSE),"") -> 144869.4
A46: =VLOOKUP(M46,BASCART4,3,FALSE) -> 112014700 | B46: =IFERROR(VLOOKUP(M46,BASILECARTERA,2,FALSE),"") -> 7 | C46: =IFERROR(VLOOKUP(B46,DES,2,FALSE),"") -> 0.1 | D46: =IFERROR(VLOOKUP(B46,DES,3,FALSE),"") -> 0.2 | E46: =IFERROR(VLOOKUP(B46,DES,4,FALSE),"") -> 0 | F46: =VLOOKUP(M46,BASILECART2,2,FALSE) -> 4 | G46: =IFERROR(VLOOKUP(F46,DES,2,FALSE),"") -> Lista | H46: =IFERROR(VLOOKUP(F46,DES,3,FALSE),"") -> 0.2 | I46: =IFERROR(VLOOKUP(F46,DES,4,FALSE),"") -> 0 | J46: =VLOOKUP(M46,BASCART4,2,FALSE) -> 70 | K46: =IFERROR(VLOOKUP(J46,A458DC1025,2,FALSE),"") -> Lista | L46: =IFERROR(VLOOKUP(J46,A458DC1025,3,FALSE),"") -> 0.11 | M46: MARISOL GUADALUPE RUIZ/CTA2 | N46: =IFERROR(VLOOKUP(M46,Basilee24,3,FALSE),"") | O46: =(N46*1.601)*1.05 -> #VALUE! | P46: =R46-Q46 -> #VALUE! | Q46: =IFERROR(VLOOKUP(M46,BASALIM,3,FALSE),"") | R46: =IFERROR(VLOOKUP(M46,BASFC,3,FALSE),"") -> 0 | S46: =R46-O46 -> #VALUE! | T46: =R46/O46 -> #VALUE! | U46: =IFERROR(VLOOKUP(M46,Basilee24,4,FALSE),"") | V46: =U46*1.7245 -> #VALUE! | W46: =Y46-X46 -> #VALUE! | X46: =IFERROR(VLOOKUP(M46,BASALIM,4,FALSE),"") | Y46: =IFERROR(VLOOKUP(M46,BASFC,4,FALSE),"") -> 0 | Z46: =Y46-V46 -> #VALUE! | AA46: =IFERROR(Y46/V46,"") | AB46: =IFERROR(VLOOKUP(M46,Basilee24,5,FALSE),"") | AC46: =(AB46*1.5955)*1.03 -> #VALUE! | AD46: =AF46-AE46 -> #VALUE! | AE46: =IFERROR(VLOOKUP(M46,BASALIM,5,FALSE),"") | AF46: =IFERROR(VLOOKUP(M46,BASFC,5,FALSE),"") -> 0 | AG46: =AF46-AC46 -> #VALUE! | AH46: =IFERROR(AF46/AC46,"") | AI46: =SUM(O46,V46,AC46) -> #VALUE! | AJ46: =IFERROR(VLOOKUP(M46,trim2024,2,FALSE),"0") -> 0 | AK46: =SUM(AE46,X46,Q46) -> 0 | AL46: =SUM(P46,W46,AD46) -> #VALUE! | AM46: =AF46+Y46+R46 -> 0 | AN46: =AM46-AJ46 -> 0 | AO46: =AM46/AJ46 -> #DIV/0! | AP46: =IFERROR(VLOOKUP(M46,Basilee24,6,FALSE),"") | AQ46: =AS46-AR46 -> #VALUE! | AR46: =IFERROR(VLOOKUP(M46,BASALIM,6,FALSE),"") | AS46: =IFERROR(VLOOKUP(M46,BASFC,6,FALSE),"") -> 0 | AT46: =IFERROR(VLOOKUP(M46,Basilee24,7,FALSE),"") | AU46: =AW46-AV46 -> #VALUE! | AV46: =IFERROR(VLOOKUP(M46,BASALIM,7,FALSE),"") | AW46: =IFERROR(VLOOKUP(M46,BASFC,7,FALSE),"") -> 0 | AX46: =IFERROR(VLOOKUP(M46,Basilee24,8,FALSE),"") | AY46: =BA46-AZ46 -> #VALUE! | AZ46: =IFERROR(VLOOKUP(M46,BASALIM,8,FALSE),"") | BA46: =IFERROR(VLOOKUP(M46,BASFC,8,FALSE),"") -> 113564.13 | BB46: =BH46+AY46+AU46 -> #VALUE! | BC46: =BI46+AZ46+AV46 -> #VALUE! | BD46: =BJ46+BA46+AW46 -> 113564.13 | BE46: =BB46+AL46 -> #VALUE! | BF46: =BC46+AK46 -> #VALUE! | BG46: =SUM(BD46+AM46) -> 113564.13 | BH46: =BJ46-BI46 -> #VALUE! | BI46: =IFERROR(VLOOKUP(M46,BASALIM,9,FALSE),"") | BJ46: =IFERROR(VLOOKUP(M46,BASFC,9,FALSE),"") -> 0 | BK46: =IFERROR(VLOOKUP(M46,Basilee24,10,FALSE),"") | BL46: =BN46-BM46 -> #VALUE! | BM46: =IFERROR(VLOOKUP(M46,BASALIM,10,FALSE),"") | BN46: =IFERROR(VLOOKUP(M46,BASFC,10,FALSE),"") -> 0 | BO46: =IFERROR(VLOOKUP(M46,Basilee24,11,FALSE),"") | BP46: =BR46-BQ46 -> #VALUE! | BQ46: =IFERROR(VLOOKUP(M46,BASALIM,11,FALSE),"") | BR46: =IFERROR(VLOOKUP(M46,BASFC,11,FALSE),"") -> 0 | BS46: =BH46+BL46+BP46 -> #VALUE! | BT46: =SUM(BI46,BM46,BQ46) -> 0 | BU46: =SUM(BJ46,BN46,BR46) -> 0 | BV46: =IFERROR(VLOOKUP(M46,Basilee24,12,FALSE),"") | BW46: =BY46-BX46 -> #VALUE! | BX46: =IFERROR(VLOOKUP(M46,BASALIM,12,FALSE),"") | BY46: =IFERROR(VLOOKUP(M46,BASFC,12,FALSE),"") -> 0 | BZ46: =IFERROR(VLOOKUP(M46,Basilee24,13,FALSE),"") | CD46: =IFERROR(VLOOKUP(M46,Basilee24,14,FALSE),"")
A47: =VLOOKUP(M47,BASCART4,3,FALSE) -> 112012613 | B47: =IFERROR(VLOOKUP(M47,BASILECARTERA,2,FALSE),"") -> 7 | C47: =IFERROR(VLOOKUP(B47,DES,2,FALSE),"") -> 0.1 | D47: =IFERROR(VLOOKUP(B47,DES,3,FALSE),"") -> 0.2 | E47: =IFERROR(VLOOKUP(B47,DES,4,FALSE),"") -> 0 | F47: =IFERROR(VLOOKUP(M47,BASILECART2,2,FALSE),"") -> 4 | G47: =IFERROR(VLOOKUP(F47,DES,2,FALSE),"") -> Lista | H47: =IFERROR(VLOOKUP(F47,DES,3,FALSE),"") -> 0.2 | I47: =IFERROR(VLOOKUP(F47,DES,4,FALSE),"") -> 0 | J47: =VLOOKUP(M47,BASCART4,2,FALSE) -> 70 | K47: =IFERROR(VLOOKUP(J47,A458DC1025,2,FALSE),"") -> Lista | L47: =IFERROR(VLOOKUP(J47,A458DC1025,3,FALSE),"") -> 0.11 | M47: PECORA MARIA EUGENIA | N47: =IFERROR(VLOOKUP(M47,Basilee24,3,FALSE),"") -> 907187.81 | P47: =R47-Q47 -> 0 | Q47: =IFERROR(VLOOKUP(M47,BASALIM,3,FALSE),"") -> 0 | R47: =IFERROR(VLOOKUP(M47,BASFC,3,FALSE),"") -> 0 | S47: =R47-O47 -> 0 | T47: =R47/O47 -> #DIV/0! | U47: =IFERROR(VLOOKUP(M47,Basilee24,4,FALSE),"") -> 1022630 | V47: =U47*1.7245 -> 1763525.4 | W47: =Y47-X47 -> 0 | X47: =IFERROR(VLOOKUP(M47,BASALIM,4,FALSE),"") -> 0 | Y47: =IFERROR(VLOOKUP(M47,BASFC,4,FALSE),"") -> 0 | Z47: =Y47-V47 -> -1763525.4 | AA47: =IFERROR(Y47/V47,"") -> 0 | AB47: =IFERROR(VLOOKUP(M47,Basilee24,5,FALSE),"") -> 1931547.3 | AC47: =(AB47*1.5955)*1.03 -> 3174237.2 | AD47: =AF47-AE47 -> 0 | AE47: =IFERROR(VLOOKUP(M47,BASALIM,5,FALSE),"") -> 1194136.2 | AF47: =IFERROR(VLOOKUP(M47,BASFC,5,FALSE),"") -> 1194136.2 | AG47: =AF47-AC47 -> -1980101 | AH47: =AF47/AC47 -> 0.37619627 | AI47: =SUM(O47,V47,AC47) -> 4937762.6 | AJ47: =IFERROR(VLOOKUP(M47,trim2024,2,FALSE),"0") -> 3324939.7 | AK47: =SUM(AE47,X47,Q47) -> 1194136.2 | AL47: =SUM(P47,W47,AD47) -> 0 | AM47: =AF47+Y47+R47 -> 1194136.2 | AN47: =AM47-AJ47 -> -2130803.5 | AO47: =AM47/AJ47 -> 0.35914521 | AP47: =IFERROR(VLOOKUP(M47,Basilee24,6,FALSE),"") -> 648854.56 | AQ47: =AS47-AR47 -> 19024.47 | AR47: =IFERROR(VLOOKUP(M47,BASALIM,6,FALSE),"") -> 957773.28 | AS47: =IFERROR(VLOOKUP(M47,BASFC,6,FALSE),"") -> 976797.75 | AT47: =IFERROR(VLOOKUP(M47,Basilee24,7,FALSE),"") -> 970049.38 | AU47: =AW47-AV47 -> 0 | AV47: =IFERROR(VLOOKUP(M47,BASALIM,7,FALSE),"") -> 514106.96 | AW47: =IFERROR(VLOOKUP(M47,BASFC,7,FALSE),"") -> 514106.96 | AX47: =IFERROR(VLOOKUP(M47,Basilee24,8,FALSE),"") -> 1017673.7 | AY47: =BA47-AZ47 -> 190957.78 | AZ47: =IFERROR(VLOOKUP(M47,BASALIM,8,FALSE),"") -> 1286096.2 | BA47: =IFERROR(VLOOKUP(M47,BASFC,8,FALSE),"") -> 1477054 | BB47: =BH47+AY47+AU47 -> 302231.6 | BC47: =BI47+AZ47+AV47 -> 2589091.9 | BD47: =BJ47+BA47+AW47 -> 2891323.5 | BE47: =BB47+AL47 -> 302231.6 | BF47: =BC47+AK47 -> 3783228 | BG47: =SUM(BD47+AM47) -> 4085459.6 | BH47: =BJ47-BI47 -> 111273.82 | BI47: =IFERROR(VLOOKUP(M47,BASALIM,9,FALSE),"") -> 788888.66 | BJ47: =IFERROR(VLOOKUP(M47,BASFC,9,FALSE),"") -> 900162.48 | BK47: =IFERROR(VLOOKUP(M47,Basilee24,10,FALSE),"") -> 1959426.1 | BL47: =BN47-BM47 -> 212009.25 | BM47: =IFERROR(VLOOKUP(M47,BASALIM,10,FALSE),"") -> 820663.76 | BN47: =IFERROR(VLOOKUP(M47,BASFC,10,FALSE),"") -> 1032673 | BO47: =IFERROR(VLOOKUP(M47,Basilee24,11,FALSE),"") -> 1338211.7 | BP47: =BR47-BQ47 -> 175907.4 | BQ47: =IFERROR(VLOOKUP(M47,BASALIM,11,FALSE),"") -> 886270 | BR47: =IFERROR(VLOOKUP(M47,BASFC,11,FALSE),"") -> 1062177.4 | BS47: =BH47+BL47+BP47 -> 499190.47 | BT47: =SUM(BI47,BM47,BQ47) -> 2495822.4 | BU47: =SUM(BJ47,BN47,BR47) -> 2995012.9 | BV47: =IFERROR(VLOOKUP(M47,Basilee24,12,FALSE),"") -> 1422102.8 | BW47: =BY47-BX47 -> 166362.07 | BX47: =IFERROR(VLOOKUP(M47,BASALIM,12,FALSE),"") -> 814943.07 | BY47: =IFERROR(VLOOKUP(M47,BASFC,12,FALSE),"") -> 981305.14 | BZ47: =IFERROR(VLOOKUP(M47,Basilee24,13,FALSE),"") -> 1561743.5 | CD47: =IFERROR(VLOOKUP(M47,Basilee24,14,FALSE),"") -> 341093.36
A48: =VLOOKUP(M48,BASCART4,3,FALSE) -> 112014257 | B48: =IFERROR(VLOOKUP(M48,BASILECARTERA,2,FALSE),"") -> 22 | C48: =VLOOKUP(B48,DES,2,FALSE) -> 0.1 | D48: =VLOOKUP(B48,DES,3,FALSE) -> 0.09 | E48: =VLOOKUP(B48,DES,4,FALSE) -> 0 | F48: =IFERROR(VLOOKUP(M48,BASILECART2,2,FALSE),"") -> 1 | G48: =IFERROR(VLOOKUP(F48,DES,2,FALSE),"") -> Lista | H48: =IFERROR(VLOOKUP(F48,DES,3,FALSE),"") -> 0.09 | I48: =IFERROR(VLOOKUP(F48,DES,4,FALSE),"") -> 0 | J48: =VLOOKUP(M48,BASCART4,2,FALSE) -> 71 | K48: =IFERROR(VLOOKUP(J48,A458DC1025,2,FALSE),"") -> Lista | L48: =IFERROR(VLOOKUP(J48,A458DC1025,3,FALSE),"") -> 0.05 | M48: MILEO LEONARDO/PIÑEIRO DANIEL | N48: =IFERROR(VLOOKUP(M48,Basilee24,3,FALSE),"") | O48: 1800000 | P48: =R48-Q48 -> #VALUE! | Q48: =IFERROR(VLOOKUP(M48,BASALIM,3,FALSE),"") | R48: =IFERROR(VLOOKUP(M48,BASFC,3,FALSE),"") -> 992048.71 | S48: =R48-O48 -> -807951.29 | T48: =R48/O48 -> 0.55113817 | U48: =IFERROR(VLOOKUP(M48,Basilee24,4,FALSE),"") | V48: =U48*1.7245 -> #VALUE! | W48: =Y48-X48 -> #VALUE! | X48: =IFERROR(VLOOKUP(M48,BASALIM,4,FALSE),"") | Y48: =IFERROR(VLOOKUP(M48,BASFC,4,FALSE),"") -> 785380.25 | Z48: =Y48-V48 -> #VALUE! | AA48: =Y48/V48 -> #VALUE! | AB48: =IFERROR(VLOOKUP(M48,Basilee24,5,FALSE),"") | AC48: 1800000 | AD48: =AF48-AE48 -> #VALUE! | AE48: =IFERROR(VLOOKUP(M48,BASALIM,5,FALSE),"") | AF48: =IFERROR(VLOOKUP(M48,BASFC,5,FALSE),"") -> 301595.77 | AG48: =AF48-AC48 -> -1498404.2 | AH48: =AF48/AC48 -> 0.16755321 | AI48: =SUM(O48,V48,AC48) -> #VALUE! | AJ48: =IFERROR(VLOOKUP(M48,trim2024,2,FALSE),"0") -> 0 | AK48: =SUM(AE48,X48,Q48) -> 0 | AL48: =SUM(P48,W48,AD48) -> #VALUE! | AM48: =AF48+Y48+R48 -> 2079024.7 | AN48: =AM48-AJ48 -> 2079024.7 | AO48: =AM48/AJ48 -> #DIV/0! | AP48: =IFERROR(VLOOKUP(M48,Basilee24,6,FALSE),"") | AQ48: =AS48-AR48 -> #VALUE! | AR48: =IFERROR(VLOOKUP(M48,BASALIM,6,FALSE),"") | AS48: =IFERROR(VLOOKUP(M48,BASFC,6,FALSE),"") -> 807594.14 | AT48: =IFERROR(VLOOKUP(M48,Basilee24,7,FALSE),"") | AU48: =AW48-AV48 -> #VALUE! | AV48: =IFERROR(VLOOKUP(M48,BASALIM,7,FALSE),"") | AW48: =IFERROR(VLOOKUP(M48,BASFC,7,FALSE),"") -> 257700.08 | AX48: =IFERROR(VLOOKUP(M48,Basilee24,8,FALSE),"") | AY48: =BA48-AZ48 -> #VALUE! | AZ48: =IFERROR(VLOOKUP(M48,BASALIM,8,FALSE),"") | BA48: =IFERROR(VLOOKUP(M48,BASFC,8,FALSE),"") -> 132345.61 | BB48: =BH48+AY48+AU48 -> #VALUE! | BC48: =BI48+AZ48+AV48 -> #VALUE! | BD48: =BJ48+BA48+AW48 -> 1203919.2 | BE48: =BB48+AL48 -> #VALUE! | BF48: =BC48+AK48 -> #VALUE! | BG48: =SUM(BD48+AM48) -> 3282943.9 | BH48: =BJ48-BI48 -> #VALUE! | BI48: =IFERROR(VLOOKUP(M48,BASALIM,9,FALSE),"") | BJ48: =IFERROR(VLOOKUP(M48,BASFC,9,FALSE),"") -> 813873.49 | BK48: =IFERROR(VLOOKUP(M48,Basilee24,10,FALSE),"") | BL48: =BN48-BM48 -> #VALUE! | BM48: =IFERROR(VLOOKUP(M48,BASALIM,10,FALSE),"") | BN48: =IFERROR(VLOOKUP(M48,BASFC,10,FALSE),"") -> 226734.65 | BO48: =IFERROR(VLOOKUP(M48,Basilee24,11,FALSE),"") | BP48: =BR48-BQ48 -> #VALUE! | BQ48: =IFERROR(VLOOKUP(M48,BASALIM,11,FALSE),"") | BR48: =IFERROR(VLOOKUP(M48,BASFC,11,FALSE),"") -> 205948.34 | BS48: =BH48+BL48+BP48 -> #VALUE! | BT48: =SUM(BI48,BM48,BQ48) -> 0 | BU48: =SUM(BJ48,BN48,BR48) -> 1246556.5 | BV48: =IFERROR(VLOOKUP(M48,Basilee24,12,FALSE),"") | BW48: =BY48-BX48 -> #VALUE! | BX48: =IFERROR(VLOOKUP(M48,BASALIM,12,FALSE),"") | BY48: =IFERROR(VLOOKUP(M48,BASFC,12,FALSE),"") -> 316287.5 | BZ48: =IFERROR(VLOOKUP(M48,Basilee24,13,FALSE),"") | CD48: =IFERROR(VLOOKUP(M48,Basilee24,14,FALSE),"")
A49: =VLOOKUP(M49,BASCART4,3,FALSE) -> 112013981 | B49: =IFERROR(VLOOKUP(M49,BASILECARTERA,2,FALSE),"") -> 22 | C49: =IFERROR(VLOOKUP(B49,DES,2,FALSE),"") -> 0.1 | D49: =IFERROR(VLOOKUP(B49,DES,3,FALSE),"") -> 0.09 | E49: =IFERROR(VLOOKUP(B49,DES,4,FALSE),"") -> 0 | F49: =IFERROR(VLOOKUP(M49,BASILECART2,2,FALSE),"") -> 1 | G49: =IFERROR(VLOOKUP(F49,DES,2,FALSE),"") -> Lista | H49: =IFERROR(VLOOKUP(F49,DES,3,FALSE),"") -> 0.09 | I49: =IFERROR(VLOOKUP(F49,DES,4,FALSE),"") -> 0 | J49: =VLOOKUP(M49,BASCART4,2,FALSE) -> 71 | K49: =IFERROR(VLOOKUP(J49,A458DC1025,2,FALSE),"") -> Lista | L49: =IFERROR(VLOOKUP(J49,A458DC1025,3,FALSE),"") -> 0.05 | M49: VEGA GRISELDA ANAHI | N49: =IFERROR(VLOOKUP(M49,Basilee24,3,FALSE),"") -> 0 | O49: 1800000 | P49: =R49-Q49 -> 518539.64 | Q49: =IFERROR(VLOOKUP(M49,BASALIM,3,FALSE),"") -> 0 | R49: =IFERROR(VLOOKUP(M49,BASFC,3,FALSE),"") -> 518539.64 | S49: =R49-O49 -> -1281460.4 | T49: =R49/O49 -> 0.28807758 | U49: =IFERROR(VLOOKUP(M49,Basilee24,4,FALSE),"") -> 0 | V49: 1800000 | W49: =Y49-X49 -> 845641.19 | X49: =IFERROR(VLOOKUP(M49,BASALIM,4,FALSE),"") -> 54053.68 | Y49: =IFERROR(VLOOKUP(M49,BASFC,4,FALSE),"") -> 899694.87 | Z49: =Y49-V49 -> -900305.13 | AA49: =Y49/V49 -> 0.49983048 | AB49: =IFERROR(VLOOKUP(M49,Basilee24,5,FALSE),"") -> 0 | AC49: 1800000 | AD49: =AF49-AE49 -> 448525 | AE49: =IFERROR(VLOOKUP(M49,BASALIM,5,FALSE),"") -> 0 | AF49: =IFERROR(VLOOKUP(M49,BASFC,5,FALSE),"") -> 448525 | AG49: =AF49-AC49 -> -1351475 | AH49: =AF49/AC49 -> 0.24918056 | AI49: =SUM(O49,V49,AC49) -> 5400000 | AJ49: =IFERROR(VLOOKUP(M49,trim2024,2,FALSE),"0") -> 2717351 | AK49: =SUM(AE49,X49,Q49) -> 54053.68 | AL49: =SUM(P49,W49,AD49) -> 1812705.8 | AM49: =AF49+Y49+R49 -> 1866759.5 | AN49: =AM49-AJ49 -> -850591.47 | AO49: =AM49/AJ49 -> 0.68697769 | AP49: =IFERROR(VLOOKUP(M49,Basilee24,6,FALSE),"") -> 0 | AQ49: =AS49-AR49 -> 541576.17 | AR49: =IFERROR(VLOOKUP(M49,BASALIM,6,FALSE),"") -> 0 | AS49: =IFERROR(VLOOKUP(M49,BASFC,6,FALSE),"") -> 541576.17 | AT49: =IFERROR(VLOOKUP(M49,Basilee24,7,FALSE),"") -> 0 | AU49: =AW49-AV49 -> 642156.73 | AV49: =IFERROR(VLOOKUP(M49,BASALIM,7,FALSE),"") -> 0 | AW49: =IFERROR(VLOOKUP(M49,BASFC,7,FALSE),"") -> 642156.73 | AX49: =IFERROR(VLOOKUP(M49,Basilee24,8,FALSE),"") -> 379814.18 | AY49: =BA49-AZ49 -> 28225.75 | AZ49: =IFERROR(VLOOKUP(M49,BASALIM,8,FALSE),"") -> 0 | BA49: =IFERROR(VLOOKUP(M49,BASFC,8,FALSE),"") -> 28225.75 | BB49: =BH49+AY49+AU49 -> 749867.23 | BC49: =BI49+AZ49+AV49 -> 41008.2 | BD49: =BJ49+BA49+AW49 -> 790875.43 | BE49: =BB49+AL49 -> 2562573.1 | BF49: =BC49+AK49 -> 95061.88 | BG49: =SUM(BD49+AM49) -> 2657634.9 | BH49: =BJ49-BI49 -> 79484.75 | BI49: =IFERROR(VLOOKUP(M49,BASALIM,9,FALSE),"") -> 41008.2 | BJ49: =IFERROR(VLOOKUP(M49,BASFC,9,FALSE),"") -> 120492.95 | BK49: =IFERROR(VLOOKUP(M49,Basilee24,10,FALSE),"") -> 0 | BL49: =BN49-BM49 -> 256427.6 | BM49: =IFERROR(VLOOKUP(M49,BASALIM,10,FALSE),"") -> 0 | BN49: =IFERROR(VLOOKUP(M49,BASFC,10,FALSE),"") -> 256427.6 | BO49: =IFERROR(VLOOKUP(M49,Basilee24,11,FALSE),"") -> 100907.83 | BP49: =BR49-BQ49 -> 421392.57 | BQ49: =IFERROR(VLOOKUP(M49,BASALIM,11,FALSE),"") -> 0 | BR49: =IFERROR(VLOOKUP(M49,BASFC,11,FALSE),"") -> 421392.57 | BS49: =BH49+BL49+BP49 -> 757304.92 | BT49: =SUM(BI49,BM49,BQ49) -> 41008.2 | BU49: =SUM(BJ49,BN49,BR49) -> 798313.12 | BV49: =IFERROR(VLOOKUP(M49,Basilee24,12,FALSE),"") -> 2068908.9 | BW49: =BY49-BX49 -> 1834339.2 | BX49: =IFERROR(VLOOKUP(M49,BASALIM,12,FALSE),"") -> 0 | BY49: =IFERROR(VLOOKUP(M49,BASFC,12,FALSE),"") -> 1834339.2 | BZ49: =IFERROR(VLOOKUP(M49,Basilee24,13,FALSE),"") -> 146154.6 | CD49: =IFERROR(VLOOKUP(M49,Basilee24,14,FALSE),"") -> 502287.44
A50: =VLOOKUP(M50,BASCART4,3,FALSE) -> 112011491 | B50: =IFERROR(VLOOKUP(M50,BASILECARTERA,2,FALSE),"") -> 20 | C50: =IFERROR(VLOOKUP(B50,DES,2,FALSE),"") -> 0.05 | D50: =IFERROR(VLOOKUP(B50,DES,3,FALSE),"") -> 0.09 | E50: =IFERROR(VLOOKUP(B50,DES,4,FALSE),"") -> 0 | F50: =IFERROR(VLOOKUP(M50,BASILECART2,2,FALSE),"") -> 1 | G50: =IFERROR(VLOOKUP(F50,DES,2,FALSE),"") -> Lista | H50: =IFERROR(VLOOKUP(F50,DES,3,FALSE),"") -> 0.09 | I50: =IFERROR(VLOOKUP(F50,DES,4,FALSE),"") -> 0 | J50: =VLOOKUP(M50,BASCART4,2,FALSE) -> 71 | K50: =IFERROR(VLOOKUP(J50,A458DC1025,2,FALSE),"") -> Lista | L50: =IFERROR(VLOOKUP(J50,A458DC1025,3,FALSE),"") -> 0.05 | M50: FERNANDEZ PAULA VALERIA | N50: =IFERROR(VLOOKUP(M50,Basilee24,3,FALSE),"") -> 1733725.4 | O50: =(N50*1.601)*1.05 -> 2914479.1 | P50: =R50-Q50 -> 2373281 | Q50: =IFERROR(VLOOKUP(M50,BASALIM,3,FALSE),"") -> 0 | R50: =IFERROR(VLOOKUP(M50,BASFC,3,FALSE),"") -> 2373281 | S50: =R50-O50 -> -541198.13 | T50: =R50/O50 -> 0.81430708 | U50: =IFERROR(VLOOKUP(M50,Basilee24,4,FALSE),"") -> 328426.13 | V50: 1500000 | W50: =Y50-X50 -> 969263.16 | X50: =IFERROR(VLOOKUP(M50,BASALIM,4,FALSE),"") -> 0 | Y50: =IFERROR(VLOOKUP(M50,BASFC,4,FALSE),"") -> 969263.16 | Z50: =Y50-V50 -> -530736.84 | AA50: =Y50/V50 -> 0.64617544 | AB50: =IFERROR(VLOOKUP(M50,Basilee24,5,FALSE),"") -> 1869000.1 | AC50: =(AB50*1.5955)*1.03 -> 3071449.3 | AD50: =AF50-AE50 -> 2136326.2 | AE50: =IFERROR(VLOOKUP(M50,BASALIM,5,FALSE),"") -> 0 | AF50: =IFERROR(VLOOKUP(M50,BASFC,5,FALSE),"") -> 2136326.2 | AG50: =AF50-AC50 -> -935123.11 | AH50: =IFERROR(AF50/AC50,"") -> 0.69554337 | AI50: =SUM(O50,V50,AC50) -> 7485928.4 | AJ50: =IFERROR(VLOOKUP(M50,trim2024,2,FALSE),"0") -> 7183941.8 | AK50: =SUM(AE50,X50,Q50) -> 0 | AL50: =SUM(P50,W50,AD50) -> 5478870.3 | AM50: =AF50+Y50+R50 -> 5478870.3 | AN50: =AM50-AJ50 -> -1705071.4 | AO50: =AM50/AJ50 -> 0.76265517 | AP50: =IFERROR(VLOOKUP(M50,Basilee24,6,FALSE),"") -> 1461651 | AQ50: =AS50-AR50 -> 1585357.1 | AR50: =IFERROR(VLOOKUP(M50,BASALIM,6,FALSE),"") -> 0 | AS50: =IFERROR(VLOOKUP(M50,BASFC,6,FALSE),"") -> 1585357.1 | AT50: =IFERROR(VLOOKUP(M50,Basilee24,7,FALSE),"") -> 1187495.3 | AU50: =AW50-AV50 -> 1420433.8 | AV50: =IFERROR(VLOOKUP(M50,BASALIM,7,FALSE),"") -> 0 | AW50: =IFERROR(VLOOKUP(M50,BASFC,7,FALSE),"") -> 1420433.8 | AX50: =IFERROR(VLOOKUP(M50,Basilee24,8,FALSE),"") -> 885976.28 | AY50: =BA50-AZ50 -> 1733505.9 | AZ50: =IFERROR(VLOOKUP(M50,BASALIM,8,FALSE),"") -> 31057.6 | BA50: =IFERROR(VLOOKUP(M50,BASFC,8,FALSE),"") -> 1764563.5 | BB50: =BH50+AY50+AU50 -> 4414227.9 | BC50: =BI50+AZ50+AV50 -> 31057.6 | BD50: =BJ50+BA50+AW50 -> 4445285.5 | BE50: =BB50+AL50 -> 9893098.2 | BF50: =BC50+AK50 -> 31057.6 | BG50: =SUM(BD50+AM50) -> 9924155.8 | BH50: =BJ50-BI50 -> 1260288.2 | BI50: =IFERROR(VLOOKUP(M50,BASALIM,9,FALSE),"") -> 0 | BJ50: =IFERROR(VLOOKUP(M50,BASFC,9,FALSE),"") -> 1260288.2 | BK50: =IFERROR(VLOOKUP(M50,Basilee24,10,FALSE),"") -> 996919.65 | BL50: =BN50-BM50 -> 2018988 | BM50: =IFERROR(VLOOKUP(M50,BASALIM,10,FALSE),"") -> 0 | BN50: =IFERROR(VLOOKUP(M50,BASFC,10,FALSE),"") -> 2018988 | BO50: =IFERROR(VLOOKUP(M50,Basilee24,11,FALSE),"") -> 1794078.8 | BP50: =BR50-BQ50 -> 2129572.3 | BQ50: =IFERROR(VLOOKUP(M50,BASALIM,11,FALSE),"") -> 0 | BR50: =IFERROR(VLOOKUP(M50,BASFC,11,FALSE),"") -> 2129572.3 | BS50: =BH50+BL50+BP50 -> 5408848.5 | BT50: =SUM(BI50,BM50,BQ50) -> 0 | BU50: =SUM(BJ50,BN50,BR50) -> 5408848.5 | BV50: =IFERROR(VLOOKUP(M50,Basilee24,12,FALSE),"") -> 1786202.6 | BW50: =BY50-BX50 -> 2903280.5 | BX50: =IFERROR(VLOOKUP(M50,BASALIM,12,FALSE),"") -> 0 | BY50: =IFERROR(VLOOKUP(M50,BASFC,12,FALSE),"") -> 2903280.5 | BZ50: =IFERROR(VLOOKUP(M50,Basilee24,13,FALSE),"") -> 2623779.3 | CD50: =IFERROR(VLOOKUP(M50,Basilee24,14,FALSE),"") -> 2773959.9
A51: =VLOOKUP(M51,BASCART4,3,FALSE) -> 112012286 | B51: =IFERROR(VLOOKUP(M51,BASILECARTERA,2,FALSE),"") -> 20 | C51: =VLOOKUP(B51,DES,2,FALSE) -> 0.05 | D51: =VLOOKUP(B51,DES,3,FALSE) -> 0.09 | E51: =VLOOKUP(B51,DES,4,FALSE) -> 0 | F51: =VLOOKUP(M51,BASILECART2,2,FALSE) -> 1 | G51: =IFERROR(VLOOKUP(F51,DES,2,FALSE),"") -> Lista | H51: =IFERROR(VLOOKUP(F51,DES,3,FALSE),"") -> 0.09 | I51: =IFERROR(VLOOKUP(F51,DES,4,FALSE),"") -> 0 | J51: =VLOOKUP(M51,BASCART4,2,FALSE) -> 71 | K51: =IFERROR(VLOOKUP(J51,A458DC1025,2,FALSE),"") -> Lista | L51: =IFERROR(VLOOKUP(J51,A458DC1025,3,FALSE),"") -> 0.05 | M51: ACOSTA MARIO HECTOR Y LOIZA NESTOR OMAR S.H. | N51: =IFERROR(VLOOKUP(M51,Basilee24,3,FALSE),"") -> 1262728.2 | O51: =(N51*1.601)*1.05 -> 2122709.3 | P51: =R51-Q51 -> 0 | Q51: =IFERROR(VLOOKUP(M51,BASALIM,3,FALSE),"") -> 0 | R51: =IFERROR(VLOOKUP(M51,BASFC,3,FALSE),"") -> 0 | S51: =R51-O51 -> -2122709.3 | T51: =R51/O51 -> 0 | U51: =IFERROR(VLOOKUP(M51,Basilee24,4,FALSE),"") -> 682955.57 | V51: 1500000 | W51: =Y51-X51 -> 1117565.5 | X51: =IFERROR(VLOOKUP(M51,BASALIM,4,FALSE),"") -> 0 | Y51: =IFERROR(VLOOKUP(M51,BASFC,4,FALSE),"") -> 1117565.5 | Z51: =Y51-V51 -> -382434.48 | AA51: =Y51/V51 -> 0.74504368 | AB51: =IFERROR(VLOOKUP(M51,Basilee24,5,FALSE),"") -> 1421903.6 | AC51: =(AB51*1.5955)*1.03 -> 2336706.6 | AD51: =AF51-AE51 -> 1350399.9 | AE51: =IFERROR(VLOOKUP(M51,BASALIM,5,FALSE),"") -> 0 | AF51: =IFERROR(VLOOKUP(M51,BASFC,5,FALSE),"") -> 1350399.9 | AG51: =AF51-AC51 -> -986306.72 | AH51: =IFERROR(AF51/AC51,"") -> 0.57790733 | AI51: =SUM(O51,V51,AC51) -> 5959415.9 | AJ51: =IFERROR(VLOOKUP(M51,trim2024,2,FALSE),"0") -> 4101486.6 | AK51: =SUM(AE51,X51,Q51) -> 0 | AL51: =SUM(P51,W51,AD51) -> 2467965.4 | AM51: =AF51+Y51+R51 -> 2467965.4 | AN51: =AM51-AJ51 -> -1633521.2 | AO51: =AM51/AJ51 -> 0.6017246 | AP51: =IFERROR(VLOOKUP(M51,Basilee24,6,FALSE),"") -> 945514.9 | AQ51: =AS51-AR51 -> 1210134.9 | AR51: =IFERROR(VLOOKUP(M51,BASALIM,6,FALSE),"") -> 103478.58 | AS51: =IFERROR(VLOOKUP(M51,BASFC,6,FALSE),"") -> 1313613.5 | AT51: =IFERROR(VLOOKUP(M51,Basilee24,7,FALSE),"") -> 1336344.8 | AU51: =AW51-AV51 -> 575803.69 | AV51: =IFERROR(VLOOKUP(M51,BASALIM,7,FALSE),"") -> 120334.14 | AW51: =IFERROR(VLOOKUP(M51,BASFC,7,FALSE),"") -> 696137.83 | AX51: =IFERROR(VLOOKUP(M51,Basilee24,8,FALSE),"") -> 1171666.3 | AY51: =BA51-AZ51 -> 1735216.8 | AZ51: =IFERROR(VLOOKUP(M51,BASALIM,8,FALSE),"") -> 0 | BA51: =IFERROR(VLOOKUP(M51,BASFC,8,FALSE),"") -> 1735216.8 | BB51: =BH51+AY51+AU51 -> 3712016 | BC51: =BI51+AZ51+AV51 -> 227551.57 | BD51: =BJ51+BA51+AW51 -> 3939567.5 | BE51: =BB51+AL51 -> 6179981.4 | BF51: =BC51+AK51 -> 227551.57 | BG51: =SUM(BD51+AM51) -> 6407532.9 | BH51: =BJ51-BI51 -> 1400995.4 | BI51: =IFERROR(VLOOKUP(M51,BASALIM,9,FALSE),"") -> 107217.43 | BJ51: =IFERROR(VLOOKUP(M51,BASFC,9,FALSE),"") -> 1508212.9 | BK51: =IFERROR(VLOOKUP(M51,Basilee24,10,FALSE),"") -> 1891129.6 | BL51: =BN51-BM51 -> 801437.78 | BM51: =IFERROR(VLOOKUP(M51,BASALIM,10,FALSE),"") -> 517951.05 | BN51: =IFERROR(VLOOKUP(M51,BASFC,10,FALSE),"") -> 1319388.8 | BO51: =IFERROR(VLOOKUP(M51,Basilee24,11,FALSE),"") -> 964168.49 | BP51: =BR51-BQ51 -> 1726138.9 | BQ51: =IFERROR(VLOOKUP(M51,BASALIM,11,FALSE),"") -> 187614.88 | BR51: =IFERROR(VLOOKUP(M51,BASFC,11,FALSE),"") -> 1913753.8 | BS51: =BH51+BL51+BP51 -> 3928572.1 | BT51: =SUM(BI51,BM51,BQ51) -> 812783.36 | BU51: =SUM(BJ51,BN51,BR51) -> 4741355.5 | BV51: =IFERROR(VLOOKUP(M51,Basilee24,12,FALSE),"") -> 946809.75 | BW51: =BY51-BX51 -> 1527356.5 | BX51: =IFERROR(VLOOKUP(M51,BASALIM,12,FALSE),"") -> 171113.62 | BY51: =IFERROR(VLOOKUP(M51,BASFC,12,FALSE),"") -> 1698470.1 | BZ51: =IFERROR(VLOOKUP(M51,Basilee24,13,FALSE),"") -> 1930590.3 | CD51: =IFERROR(VLOOKUP(M51,Basilee24,14,FALSE),"") -> 1224086.5
A52: =VLOOKUP(M52,BASCART4,3,FALSE) -> 112014632 | B52: =IFERROR(VLOOKUP(M52,BASILECARTERA,2,FALSE),"") -> 4 | C52: =IFERROR(VLOOKUP(B52,DES,2,FALSE),"") -> Lista | D52: =IFERROR(VLOOKUP(B52,DES,3,FALSE),"") -> 0.2 | E52: =IFERROR(VLOOKUP(B52,DES,4,FALSE),"") -> 0 | F52: =VLOOKUP(M52,BASILECART2,2,FALSE) -> 4 | G52: =IFERROR(VLOOKUP(F52,DES,2,FALSE),"") -> Lista | H52: =IFERROR(VLOOKUP(F52,DES,3,FALSE),"") -> 0.2 | I52: =IFERROR(VLOOKUP(F52,DES,4,FALSE),"") -> 0 | J52: =VLOOKUP(M52,BASCART4,2,FALSE) -> 70 | K52: =IFERROR(VLOOKUP(J52,A458DC1025,2,FALSE),"") -> Lista | L52: =IFERROR(VLOOKUP(J52,A458DC1025,3,FALSE),"") -> 0.11 | M52: MARIA FLORENCIA PEREZ | N52: =IFERROR(VLOOKUP(M52,Basilee24,3,FALSE),"") -> 0 | P52: =R52-Q52 -> 0 | Q52: =IFERROR(VLOOKUP(M52,BASALIM,3,FALSE),"") -> 0 | R52: =IFERROR(VLOOKUP(M52,BASFC,3,FALSE),"") -> 0 | S52: =R52-O52 -> 0 | T52: =R52/O52 -> #DIV/0! | U52: =IFERROR(VLOOKUP(M52,Basilee24,4,FALSE),"") -> 0 | V52: =U52*1.7245 -> 0 | W52: =Y52-X52 -> 0 | X52: =IFERROR(VLOOKUP(M52,BASALIM,4,FALSE),"") -> 0 | Y52: =IFERROR(VLOOKUP(M52,BASFC,4,FALSE),"") -> 0 | Z52: =Y52-V52 -> 0 | AA52: =IFERROR(Y52/V52,"") | AB52: =IFERROR(VLOOKUP(M52,Basilee24,5,FALSE),"") -> 0 | AC52: 600000 | AD52: =AF52-AE52 -> 30541.35 | AE52: =IFERROR(VLOOKUP(M52,BASALIM,5,FALSE),"") -> 100328.8 | AF52: =IFERROR(VLOOKUP(M52,BASFC,5,FALSE),"") -> 130870.15 | AG52: =AF52-AC52 -> -469129.85 | AH52: =IFERROR(AF52/AC52,"") -> 0.21811692 | AI52: =SUM(O52,V52,AC52) -> 600000 | AJ52: =IFERROR(VLOOKUP(M52,trim2024,2,FALSE),"0") -> 66578.06 | AK52: =SUM(AE52,X52,Q52) -> 100328.8 | AL52: =SUM(P52,W52,AD52) -> 30541.35 | AM52: =AF52+Y52+R52 -> 130870.15 | AN52: =AM52-AJ52 -> 64292.09 | AO52: =AM52/AJ52 -> 1.9656648 | AP52: =IFERROR(VLOOKUP(M52,Basilee24,6,FALSE),"") -> 0 | AQ52: =AS52-AR52 -> 19397.95 | AR52: =IFERROR(VLOOKUP(M52,BASALIM,6,FALSE),"") -> 209494.35 | AS52: =IFERROR(VLOOKUP(M52,BASFC,6,FALSE),"") -> 228892.3 | AT52: =IFERROR(VLOOKUP(M52,Basilee24,7,FALSE),"") -> 0 | AU52: =AW52-AV52 -> 25828.31 | AV52: =IFERROR(VLOOKUP(M52,BASALIM,7,FALSE),"") -> 207768.1 | AW52: =IFERROR(VLOOKUP(M52,BASFC,7,FALSE),"") -> 233596.41 | AX52: =IFERROR(VLOOKUP(M52,Basilee24,8,FALSE),"") -> 0 | AY52: =BA52-AZ52 -> 31860.25 | AZ52: =IFERROR(VLOOKUP(M52,BASALIM,8,FALSE),"") -> 219969.08 | BA52: =IFERROR(VLOOKUP(M52,BASFC,8,FALSE),"") -> 251829.33 | BB52: =BH52+AY52+AU52 -> 66630.96 | BC52: =BI52+AZ52+AV52 -> 466928.55 | BD52: =BJ52+BA52+AW52 -> 533559.51 | BE52: =BB52+AL52 -> 97172.31 | BF52: =BC52+AK52 -> 567257.35 | BG52: =SUM(BD52+AM52) -> 664429.66 | BH52: =BJ52-BI52 -> 8942.4 | BI52: =IFERROR(VLOOKUP(M52,BASALIM,9,FALSE),"") -> 39191.37 | BJ52: =IFERROR(VLOOKUP(M52,BASFC,9,FALSE),"") -> 48133.77 | BK52: =IFERROR(VLOOKUP(M52,Basilee24,10,FALSE),"") -> 0 | BL52: =BN52-BM52 -> 0 | BM52: =IFERROR(VLOOKUP(M52,BASALIM,10,FALSE),"") -> 136283.58 | BN52: =IFERROR(VLOOKUP(M52,BASFC,10,FALSE),"") -> 136283.58 | BO52: =IFERROR(VLOOKUP(M52,Basilee24,11,FALSE),"") -> 0 | BP52: =BR52-BQ52 -> 0 | BQ52: =IFERROR(VLOOKUP(M52,BASALIM,11,FALSE),"") -> 0 | BR52: =IFERROR(VLOOKUP(M52,BASFC,11,FALSE),"") -> 0 | BS52: =BH52+BL52+BP52 -> 8942.4 | BT52: =SUM(BI52,BM52,BQ52) -> 175474.95 | BU52: =SUM(BJ52,BN52,BR52) -> 184417.35 | BV52: =IFERROR(VLOOKUP(M52,Basilee24,12,FALSE),"") -> 0 | BW52: =BY52-BX52 -> 0 | BX52: =IFERROR(VLOOKUP(M52,BASALIM,12,FALSE),"") -> 0 | BY52: =IFERROR(VLOOKUP(M52,BASFC,12,FALSE),"") -> 0 | BZ52: =IFERROR(VLOOKUP(M52,Basilee24,13,FALSE),"") -> 0 | CD52: =IFERROR(VLOOKUP(M52,Basilee24,14,FALSE),"") -> 66578.06
A53: =VLOOKUP(M53,BASCART4,3,FALSE) -> 112014377 | B53: =IFERROR(VLOOKUP(M53,BASILECARTERA,2,FALSE),"") -> 18 | C53: =IFERROR(VLOOKUP(B53,DES,2,FALSE),"") -> Lista | D53: =IFERROR(VLOOKUP(B53,DES,3,FALSE),"") -> 0.23 | E53: =IFERROR(VLOOKUP(B53,DES,4,FALSE),"") -> 0 | F53: =VLOOKUP(M53,BASILECART2,2,FALSE) -> 18 | G53: =IFERROR(VLOOKUP(F53,DES,2,FALSE),"") -> Lista | H53: =IFERROR(VLOOKUP(F53,DES,3,FALSE),"") -> 0.23 | I53: =IFERROR(VLOOKUP(F53,DES,4,FALSE),"") -> 0 | J53: =VLOOKUP(M53,BASCART4,2,FALSE) -> 69 | K53: =IFERROR(VLOOKUP(J53,A458DC1025,2,FALSE),"") -> Lista | L53: =IFERROR(VLOOKUP(J53,A458DC1025,3,FALSE),"") -> 0.14 | M53: ALMARAZ NAHUEL HERNAN | N53: =IFERROR(VLOOKUP(M53,Basilee24,3,FALSE),"") -> 0 | O53: =(N53*1.601)*1.05 -> 0 | P53: =R53-Q53 -> 0 | Q53: =IFERROR(VLOOKUP(M53,BASALIM,3,FALSE),"") -> 1181177.7 | R53: =IFERROR(VLOOKUP(M53,BASFC,3,FALSE),"") -> 1181177.7 | S53: =R53-O53 -> 1181177.7 | T53: =R53/O53 -> #DIV/0! | U53: =IFERROR(VLOOKUP(M53,Basilee24,4,FALSE),"") -> 0 | V53: =U53*1.7245 -> 0 | W53: =Y53-X53 -> 0 | X53: =IFERROR(VLOOKUP(M53,BASALIM,4,FALSE),"") -> 2001095.1 | Y53: =IFERROR(VLOOKUP(M53,BASFC,4,FALSE),"") -> 2001095.1 | Z53: =Y53-V53 -> 2001095.1 | AA53: =IFERROR(Y53/V53,"") | AB53: =IFERROR(VLOOKUP(M53,Basilee24,5,FALSE),"") -> 662188.7 | AC53: =(AB53*1.5955)*1.03 -> 1088217.7 | AD53: =AF53-AE53 -> 0 | AE53: =IFERROR(VLOOKUP(M53,BASALIM,5,FALSE),"") -> 819001.66 | AF53: =IFERROR(VLOOKUP(M53,BASFC,5,FALSE),"") -> 819001.66 | AG53: =AF53-AC53 -> -269216.07 | AH53: =IFERROR(AF53/AC53,"") -> 0.75260827 | AI53: =SUM(O53,V53,AC53) -> 1088217.7 | AJ53: =IFERROR(VLOOKUP(M53,trim2024,2,FALSE),"0") -> 2435872.2 | AK53: =SUM(AE53,X53,Q53) -> 4001274.5 | AL53: =SUM(P53,W53,AD53) -> 0 | AM53: =AF53+Y53+R53 -> 4001274.5 | AN53: =AM53-AJ53 -> 1565402.2 | AO53: =AM53/AJ53 -> 1.6426455 | AP53: =IFERROR(VLOOKUP(M53,Basilee24,6,FALSE),"") -> 920307.44 | AQ53: =AS53-AR53 -> 0 | AR53: =IFERROR(VLOOKUP(M53,BASALIM,6,FALSE),"") -> 850360.9 | AS53: =IFERROR(VLOOKUP(M53,BASFC,6,FALSE),"") -> 850360.9 | AT53: =IFERROR(VLOOKUP(M53,Basilee24,7,FALSE),"") -> 110286.48 | AU53: =AW53-AV53 -> 0 | AV53: =IFERROR(VLOOKUP(M53,BASALIM,7,FALSE),"") -> 801431.86 | AW53: =IFERROR(VLOOKUP(M53,BASFC,7,FALSE),"") -> 801431.86 | AX53: =IFERROR(VLOOKUP(M53,Basilee24,8,FALSE),"") -> 539967.2 | AY53: =BA53-AZ53 -> 0 | AZ53: =IFERROR(VLOOKUP(M53,BASALIM,8,FALSE),"") -> 1948671.8 | BA53: =IFERROR(VLOOKUP(M53,BASFC,8,FALSE),"") -> 1948671.8 | BB53: =BH53+AY53+AU53 -> 0 | BC53: =BI53+AZ53+AV53 -> 4765381.2 | BD53: =BJ53+BA53+AW53 -> 4765381.2 | BE53: =BB53+AL53 -> 0 | BF53: =BC53+AK53 -> 8766655.6 | BG53: =SUM(BD53+AM53) -> 8766655.6 | BH53: =BJ53-BI53 -> 0 | BI53: =IFERROR(VLOOKUP(M53,BASALIM,9,FALSE),"") -> 2015277.5 | BJ53: =IFERROR(VLOOKUP(M53,BASFC,9,FALSE),"") -> 2015277.5 | BK53: =IFERROR(VLOOKUP(M53,Basilee24,10,FALSE),"") -> 501545.13 | BL53: =BN53-BM53 -> 0 | BM53: =IFERROR(VLOOKUP(M53,BASALIM,10,FALSE),"") -> 2287200.6 | BN53: =IFERROR(VLOOKUP(M53,BASFC,10,FALSE),"") -> 2287200.6 | BO53: =IFERROR(VLOOKUP(M53,Basilee24,11,FALSE),"") -> 1002092.6 | BP53: =BR53-BQ53 -> 0 | BQ53: =IFERROR(VLOOKUP(M53,BASALIM,11,FALSE),"") -> 1134479 | BR53: =IFERROR(VLOOKUP(M53,BASFC,11,FALSE),"") -> 1134479 | BS53: =BH53+BL53+BP53 -> 0 | BT53: =SUM(BI53,BM53,BQ53) -> 5436957.1 | BU53: =SUM(BJ53,BN53,BR53) -> 5436957.1 | BV53: =IFERROR(VLOOKUP(M53,Basilee24,12,FALSE),"") -> 724564.38 | BW53: =BY53-BX53 -> 0 | BX53: =IFERROR(VLOOKUP(M53,BASALIM,12,FALSE),"") -> 953849.15 | BY53: =IFERROR(VLOOKUP(M53,BASFC,12,FALSE),"") -> 953849.15 | BZ53: =IFERROR(VLOOKUP(M53,Basilee24,13,FALSE),"") -> 1177014.1 | CD53: =IFERROR(VLOOKUP(M53,Basilee24,14,FALSE),"") -> 534293.68
A54: =VLOOKUP(M54,BASCART4,3,FALSE) -> 112012975 | B54: =IFERROR(VLOOKUP(M54,BASILECARTERA,2,FALSE),"") -> 18 | C54: =IFERROR(VLOOKUP(B54,DES,2,FALSE),"") -> Lista | D54: =IFERROR(VLOOKUP(B54,DES,3,FALSE),"") -> 0.23 | E54: =IFERROR(VLOOKUP(B54,DES,4,FALSE),"") -> 0 | F54: =IFERROR(VLOOKUP(M54,BASILECART2,2,FALSE),"") -> 18 | G54: =IFERROR(VLOOKUP(F54,DES,2,FALSE),"") -> Lista | H54: =IFERROR(VLOOKUP(F54,DES,3,FALSE),"") -> 0.23 | I54: =IFERROR(VLOOKUP(F54,DES,4,FALSE),"") -> 0 | J54: =VLOOKUP(M54,BASCART4,2,FALSE) -> 69 | K54: =IFERROR(VLOOKUP(J54,A458DC1025,2,FALSE),"") -> Lista | L54: =IFERROR(VLOOKUP(J54,A458DC1025,3,FALSE),"") -> 0.14 | M54: ROMERO CLAUDIO OMAR | N54: =IFERROR(VLOOKUP(M54,Basilee24,3,FALSE),"") | O54: =(N54*1.601)*1.05 -> #VALUE! | P54: =R54-Q54 -> 0 | Q54: =IFERROR(VLOOKUP(M54,BASALIM,3,FALSE),"") -> 0 | R54: =IFERROR(VLOOKUP(M54,BASFC,3,FALSE),"") -> 0 | S54: =R54-O54 -> #VALUE! | T54: =R54/O54 -> #VALUE! | U54: =IFERROR(VLOOKUP(M54,Basilee24,4,FALSE),"") | V54: =U54*1.7245 -> #VALUE! | W54: =Y54-X54 -> 0 | X54: =IFERROR(VLOOKUP(M54,BASALIM,4,FALSE),"") -> 0 | Y54: =IFERROR(VLOOKUP(M54,BASFC,4,FALSE),"") -> 0 | Z54: =Y54-V54 -> #VALUE! | AA54: =IFERROR(Y54/V54,"") | AB54: =IFERROR(VLOOKUP(M54,Basilee24,5,FALSE),"") | AC54: =(AB54*1.5955)*1.03 -> #VALUE! | AD54: =AF54-AE54 -> 0 | AE54: =IFERROR(VLOOKUP(M54,BASALIM,5,FALSE),"") -> 0 | AF54: =IFERROR(VLOOKUP(M54,BASFC,5,FALSE),"") -> 0 | AG54: =AF54-AC54 -> #VALUE! | AH54: =IFERROR(AF54/AC54,"") | AI54: =SUM(O54,V54,AC54) -> #VALUE! | AJ54: =IFERROR(VLOOKUP(M54,trim2024,2,FALSE),"0") -> 0 | AK54: =SUM(AE54,X54,Q54) -> 0 | AL54: =SUM(P54,W54,AD54) -> 0 | AM54: =AF54+Y54+R54 -> 0 | AN54: =AM54-AJ54 -> 0 | AO54: =AM54/AJ54 -> #DIV/0! | AP54: =IFERROR(VLOOKUP(M54,Basilee24,6,FALSE),"") | AQ54: =AS54-AR54 -> 0 | AR54: =IFERROR(VLOOKUP(M54,BASALIM,6,FALSE),"") -> 0 | AS54: =IFERROR(VLOOKUP(M54,BASFC,6,FALSE),"") -> 0 | AT54: =IFERROR(VLOOKUP(M54,Basilee24,7,FALSE),"") | AU54: =AW54-AV54 -> 0 | AV54: =IFERROR(VLOOKUP(M54,BASALIM,7,FALSE),"") -> 0 | AW54: =IFERROR(VLOOKUP(M54,BASFC,7,FALSE),"") -> 0 | AX54: =IFERROR(VLOOKUP(M54,Basilee24,8,FALSE),"") | AY54: =BA54-AZ54 -> 0 | AZ54: =IFERROR(VLOOKUP(M54,BASALIM,8,FALSE),"") -> 577163.13 | BA54: =IFERROR(VLOOKUP(M54,BASFC,8,FALSE),"") -> 577163.13 | BB54: =BH54+AY54+AU54 -> 0 | BC54: =BI54+AZ54+AV54 -> 1005001.2 | BD54: =BJ54+BA54+AW54 -> 1005001.2 | BE54: =BB54+AL54 -> 0 | BF54: =BC54+AK54 -> 1005001.2 | BG54: =SUM(BD54+AM54) -> 1005001.2 | BH54: =BJ54-BI54 -> 0 | BI54: =IFERROR(VLOOKUP(M54,BASALIM,9,FALSE),"") -> 427838.1 | BJ54: =IFERROR(VLOOKUP(M54,BASFC,9,FALSE),"") -> 427838.1 | BK54: =IFERROR(VLOOKUP(M54,Basilee24,10,FALSE),"") | BL54: =BN54-BM54 -> 0 | BM54: =IFERROR(VLOOKUP(M54,BASALIM,10,FALSE),"") -> 0 | BN54: =IFERROR(VLOOKUP(M54,BASFC,10,FALSE),"") -> 0 | BO54: =IFERROR(VLOOKUP(M54,Basilee24,11,FALSE),"") | BP54: =BR54-BQ54 -> 0 | BQ54: =IFERROR(VLOOKUP(M54,BASALIM,11,FALSE),"") -> 0 | BR54: =IFERROR(VLOOKUP(M54,BASFC,11,FALSE),"") -> 0 | BS54: =BH54+BL54+BP54 -> 0 | BT54: =SUM(BI54,BM54,BQ54) -> 427838.1 | BU54: =SUM(BJ54,BN54,BR54) -> 427838.1 | BV54: =IFERROR(VLOOKUP(M54,Basilee24,12,FALSE),"") | BW54: =BY54-BX54 -> 0 | BX54: =IFERROR(VLOOKUP(M54,BASALIM,12,FALSE),"") -> 0 | BY54: =IFERROR(VLOOKUP(M54,BASFC,12,FALSE),"") -> 0 | BZ54: =IFERROR(VLOOKUP(M54,Basilee24,13,FALSE),"") | CD54: =IFERROR(VLOOKUP(M54,Basilee24,14,FALSE),"")
